contractor_id,company_name,trade_type,coverage_postcodes,city_region,phone,email,certifications,avg_response_days,emergency_callout,tier_approved,rating_out_of_5,active_on_network,notes
HS-1000,Metro Roofing Solutions,Roofing,"E1, N1, SW6, SE1, SW1, SE22, NW1",London,01222507202,claims@metroroofingsol.co.uk,Trustmark; CompetentRoofer,1,Yes (Mon-Sat),"Comprehensive,Landlord",4.8,Yes,
HS-1001,Metro Roofing Solutions,Roofing,"NW1, E1, EC1, SW1",London,01222473076,claims@metroroofingsol.co.uk,CompetentRoofer; Trustmark,2,Yes (24/7),All tiers,4.5,Yes,
HS-1002,Quality Plumbing Specialists,Plumbing & Heating,"NW1, SW6, N1",London,01158762825,claims@qualityplumbing.co.uk,Gas Safe Registered; CIPHE Member,1,Yes (8am-10pm),"Comprehensive,Landlord",4.7,Yes,
HS-1003,City Electrical Specialists,Electrical,"SW1, SE1, SE22, SW6",London,01148030041,claims@cityelectricals.co.uk,NICEIC Approved; NAPIT Registered,5,Yes (24/7),"Comprehensive,Landlord",4.2,Yes,
HS-1004,Metro Electrical Contractors,Electrical,"SW6, WC1, N1, SE22",London,01134547293,claims@metroelectrical.co.uk,NAPIT Registered; Part P Certified,3,Yes (Mon-Sat),"Comprehensive,Landlord",4.2,Yes,
HS-1005,Summit Electrical Services,Electrical,"E1, WC1, SE1, SW1, SW6, NW1, SE22",London,01313980397,claims@summitelectrica.co.uk,NAPIT Registered; NICEIC Approved,1,No,Comprehensive only,4.8,Yes,
HS-1006,Quality Building Services,Building & Structural,"SW6, W1, SW1",London,01151799898,claims@qualitybuilding.co.uk,RICS Accredited; FMB Member,2,Yes (Mon-Sat),All tiers,4.8,Yes,
HS-1007,Elite Damp Contractors,Damp & Timber Treatment,"SE1, E1, SW1, SW6, EC1, N1, W1",London,01416224739,claims@elitedampcontra.co.uk,Trustmark; FMB Member,1,No,"Comprehensive,Landlord",4.7,Yes,
HS-1008,Metro Damp Group,Damp & Timber Treatment,"SE1, NW1, WC1, E1, SW1, W1",London,01176378704,claims@metrodampgroup.co.uk,FMB Member; Trustmark,2,Yes (Mon-Sat),All tiers,4.3,Review pending,
HS-1009,Expert Glazing Building Services,Glazing,"SE22, NW1, N1, SW6, E1, SE1, EC1",London,01136960763,claims@expertglazingbu.co.uk,Which? Trusted Trader; Trustmark,1,Yes (8am-10pm),All tiers,4.6,Yes,
HS-1010,Quality Joinery Building Services,Joinery & Carpentry,"SE1, SW6, N1",London,01139759386,claims@qualityjoineryb.co.uk,FMB Member; Trustmark,3,Yes (Mon-Sat),"Comprehensive,Landlord",4.1,Yes,
HS-1011,ProBuild Joinery Specialists,Joinery & Carpentry,"SE22, W1, N1, EC1, SW1, WC1, E1",London,01211536214,claims@probuildjoinery.co.uk,Trustmark; FMB Member,2,No,All tiers,4.0,Yes,
HS-1012,Metro Plastering Services,Plastering & Rendering,"NW1, EC1, E1, SE1, N1",London,01918015611,claims@metroplastering.co.uk,Trustmark; FMB Member,2,Yes (8am-10pm),All tiers,4.4,Yes,
HS-1013,City Plastering Property Services,Plastering & Rendering,"NW1, E1, SE1, W1, SE22, N1, SW1",London,01216532226,claims@cityplasteringp.co.uk,FMB Member; Trustmark,2,Yes (24/7),All tiers,4.6,Review pending,
HS-1014,Elite Flooring Group,Flooring,"E1, SW1, WC1, SW6",London,01136744346,claims@eliteflooringgr.co.uk,Trustmark; FMB Member,1,Yes (Mon-Sat),"Standard,Comprehensive,Landlord",4.6,Yes,
HS-1015,National Flooring Solutions,Flooring,"NW1, E1, W1",London,01177126514,claims@nationalfloorin.co.uk,Trustmark; FMB Member,3,Yes (8am-10pm),All tiers,4.6,Review pending,
HS-1016,Premier Kitchen Installation Services,Kitchen Installation,"E1, SW6, SE1, SW1",London,01227362677,claims@premierkitcheni.co.uk,Trustmark; FMB Member,5,Yes (8am-10pm),"Comprehensive,Landlord",4.2,Yes,
HS-1017,Elite Bathroom Installation Solutions,Bathroom Installation,"E1, SE1, SE22, N1, EC1",London,01221210344,claims@elitebathroomin.co.uk,Trustmark; FMB Member,5,Yes (24/7),"Comprehensive,Landlord",4.5,Review pending,
HS-1018,Crown Bathroom Installation Services,Bathroom Installation,"NW1, EC1, W1, E1",London,01151765051,claims@crownbathroomin.co.uk,FMB Member; Trustmark,2,Yes (8am-10pm),"Comprehensive,Landlord",4.9,Yes,
HS-1019,Expert Painting Group,Painting & Decorating,"NW1, WC1, SE1",London,01136934806,claims@expertpaintingg.co.uk,Trustmark; FMB Member,2,No,"Standard,Comprehensive,Landlord",4.3,Yes,
HS-1020,Shield Painting Solutions,Painting & Decorating,"E1, SW1, W1, EC1, N1, WC1, SE1",London,01319793265,claims@shieldpaintings.co.uk,FMB Member; Trustmark,1,Yes (8am-10pm),All tiers,4.0,Review pending,
HS-1021,Premier Painting Building Services,Painting & Decorating,"SE22, SW1, N1",London,01314015664,claims@premierpainting.co.uk,FMB Member; Trustmark,2,Yes (8am-10pm),Comprehensive only,4.0,Yes,
HS-1022,Metro Drainage Property Services,Drainage,"E1, N1, EC1",London,01913216073,claims@metrodrainagepr.co.uk,FMB Member; Trustmark,2,Yes (8am-10pm),"Comprehensive,Landlord",4.7,Yes,
HS-1023,Regional Drainage & Sons,Drainage,"SE22, N1, E1, SE1, SW6, WC1",London,01315303837,claims@regionaldrainag.co.uk,Trustmark; FMB Member,1,Yes (8am-10pm),"Comprehensive,Landlord",4.6,Yes,
HS-1024,Metro Drainage Specialists,Drainage,"SE1, N1, W1, E1, NW1, WC1, SW6",London,01412628028,claims@metrodrainagesp.co.uk,Trustmark; FMB Member,2,Yes (24/7),All tiers,4.0,Yes,
HS-1025,Expert Locksmith Services,Locksmith,"W1, SW1, SE22, SE1, EC1",London,01612913881,claims@expertlocksmith.co.uk,Master Locksmiths Association; Trustmark,2,Yes (8am-10pm),All tiers,4.4,Yes,
HS-1026,ProBuild Locksmith Ltd,Locksmith,"EC1, N1, E1",London,01152313989,claims@probuildlocksmi.co.uk,Trustmark; Master Locksmiths Association,2,No,Comprehensive only,4.1,Yes,
HS-1027,Crown Locksmith Ltd,Locksmith,"E1, N1, SW6",London,01615293614,claims@crownlocksmithl.co.uk,Master Locksmiths Association; Trustmark,2,Yes (24/7),Comprehensive only,3.9,Yes,
HS-1028,Elite Fire Restoration Specialists,Fire Restoration,"SW6, W1, EC1, NW1, E1, SW1",London,01179911534,claims@elitefirerestor.co.uk,BDMA Member; Trustmark,1,Yes (8am-10pm),All tiers,4.2,Yes,
HS-1029,Prestige Fire Restoration Group,Fire Restoration,"SE22, N1, SW6, NW1, EC1, WC1, SW1",London,01155394352,claims@prestigefireres.co.uk,BDMA Member; Trustmark,1,Yes (24/7),All tiers,4.4,Yes,
HS-1030,Swift Flood Remediation Specialists,Flood Remediation,"SE22, SW6, SE1, E1",London,01914496598,claims@swiftfloodremed.co.uk,BDMA Member; PCA Registered,2,Yes (Mon-Sat),All tiers,5.0,Yes,
HS-1031,Apex Flood Remediation Ltd,Flood Remediation,"SE1, E1, WC1, SE22, N1, W1, SW1",London,01133036141,claims@apexfloodremedi.co.uk,PCA Registered; BDMA Member,1,Yes (24/7),"Standard,Comprehensive,Landlord",5.0,Yes,
HS-1032,Reliable Subsidence Specialist Group,Subsidence Specialist,"WC1, SE1, W1, SE22",London,01318023575,claims@reliablesubside.co.uk,PCA Registered; RICS Accredited,1,No,All tiers,4.1,Yes,HomeShield-approved specialist; must be pre-authorised before work commences
HS-1033,Premier Environmental (Oil/Contamination) Ltd,Environmental (Oil/Contamination),"SE1, W1, NW1, N1, SE22, E1, WC1",London,01419415619,claims@premierenvironm.co.uk,ISO 14001 Certified; Environment Agency Licensed,2,No,"Comprehensive,Landlord",4.4,Yes,Environment Agency licensed; required for all oil escape clean-up claims
HS-1034,Regional Environmental (Oil/Contamination) Contractors,Environmental (Oil/Contamination),"E1, SW6, N1, W1, SE22, WC1, SW1",London,01418298477,claims@regionalenviron.co.uk,Environment Agency Licensed; ISO 14001 Certified,2,Yes (Mon-Sat),"Standard,Comprehensive,Landlord",3.8,Yes,Environment Agency licensed; required for all oil escape clean-up claims
HS-1035,ProBuild Scaffolding & Sons,Scaffolding,"SW1, N1, SE1",London,01416011671,claims@probuildscaffol.co.uk,Trustmark; FMB Member,1,No,All tiers,4.0,Review pending,
HS-1036,Regional Scaffolding & Sons,Scaffolding,"SE1, EC1, SW1, WC1, SE22, E1, N1",London,01619454633,claims@regionalscaffol.co.uk,Trustmark; FMB Member,5,No,Comprehensive only,4.5,Yes,
HS-1037,Quality Roofing Services,Roofing,"M20, SK2, M4",Manchester,01419776536,claims@qualityroofings.co.uk,Trustmark; CompetentRoofer,5,Yes (Mon-Sat),"Comprehensive,Landlord",4.5,Review pending,
HS-1038,SafeHome Plumbing Specialists,Plumbing & Heating,"M1, OL1, M20, M2, M21",Manchester,01911768264,claims@safehomeplumbin.co.uk,Gas Safe Registered; CIPHE Member,5,No,All tiers,4.0,Yes,
HS-1039,Premier Electrical Specialists,Electrical,"M1, M20, M21, M2, SK2",Manchester,01311675452,claims@premierelectric.co.uk,NICEIC Approved; Part P Certified,2,Yes (Mon-Sat),Comprehensive only,4.8,Review pending,
HS-1040,Metro Electrical Contractors,Electrical,"M21, M14, M2, SK1, M3, OL1, M1",Manchester,01172654299,claims@metroelectrical.co.uk,NICEIC Approved; NAPIT Registered,2,No,"Comprehensive,Landlord",4.5,Review pending,
HS-1041,Expert Electrical Group,Electrical,"M3, OL1, SK2, SK1, M20, M1",Manchester,01229520304,claims@expertelectrica.co.uk,Part P Certified; NAPIT Registered,1,Yes (8am-10pm),Comprehensive only,4.4,Yes,
HS-1042,Expert Building Building Services,Building & Structural,"M2, M20, M1, M4, OL1, M21",Manchester,01219385043,claims@expertbuildingb.co.uk,RICS Accredited; FMB Member,3,Yes (24/7),"Comprehensive,Landlord",4.3,Yes,
HS-1043,Quality Building Specialists,Building & Structural,"M20, SK2, M1, SK1",Manchester,01134625629,claims@qualitybuilding.co.uk,FMB Member; RIBA Practice,1,Yes (Mon-Sat),Comprehensive only,4.6,Yes,
HS-1044,Summit Damp Solutions,Damp & Timber Treatment,"M21, M3, SK2, OL1",Manchester,01228677952,claims@summitdampsolut.co.uk,FMB Member; Trustmark,5,Yes (24/7),All tiers,3.9,Yes,
HS-1045,National Glazing Building Services,Glazing,"SK1, M3, M14, OL1, SK2",Manchester,01311535313,claims@nationalglazing.co.uk,Trustmark; Which? Trusted Trader,3,Yes (8am-10pm),Comprehensive only,4.9,Yes,
HS-1046,City Glazing Specialists,Glazing,"SK1, M2, M21, M20, M4",Manchester,01176088890,claims@cityglazingspec.co.uk,Trustmark; FENSA Registered,3,Yes (8am-10pm),"Standard,Comprehensive,Landlord",4.6,Yes,
HS-1047,City Glazing Ltd,Glazing,"SK2, M4, M14, M3",Manchester,01617600453,claims@cityglazingltd.co.uk,Trustmark; Which? Trusted Trader,1,No,All tiers,4.7,Yes,
HS-1048,TrustMark Joinery Property Services,Joinery & Carpentry,"M14, SK1, M20, SK2, M21, M2",Manchester,01613366818,claims@trustmarkjoiner.co.uk,Trustmark; FMB Member,3,Yes (8am-10pm),Comprehensive only,4.1,Yes,
HS-1049,Metro Plastering Contractors,Plastering & Rendering,"SK2, M20, OL1, M2, SK1, M1",Manchester,01214755436,claims@metroplastering.co.uk,Trustmark; FMB Member,1,Yes (8am-10pm),Comprehensive only,5.0,Yes,
HS-1050,Swift Plastering & Sons,Plastering & Rendering,"M1, OL1, M2, M20",Manchester,01147371267,claims@swiftplastering.co.uk,Trustmark; FMB Member,2,No,"Standard,Comprehensive,Landlord",4.9,Review pending,
HS-1051,Elite Plastering Building Services,Plastering & Rendering,"M14, M3, SK2, M4, OL1",Manchester,01613278522,claims@eliteplastering.co.uk,FMB Member; Trustmark,2,Yes (8am-10pm),Comprehensive only,4.6,Yes,
HS-1052,Shield Flooring Group,Flooring,"SK1, OL1, M2, M4, M1, M21, SK2",Manchester,01216795617,claims@shieldflooringg.co.uk,FMB Member; Trustmark,2,Yes (Mon-Sat),All tiers,4.8,Yes,
HS-1053,Reliable Flooring & Sons,Flooring,"M21, SK2, M1, SK1, M2, M14, M20",Manchester,01314702695,claims@reliablefloorin.co.uk,FMB Member; Trustmark,2,Yes (24/7),"Standard,Comprehensive,Landlord",4.7,Yes,
HS-1054,Regional Flooring Solutions,Flooring,"M4, OL1, M1, M2, SK2, M3, M20",Manchester,01617153033,claims@regionalfloorin.co.uk,FMB Member; Trustmark,1,No,"Standard,Comprehensive,Landlord",4.6,Yes,
HS-1055,BritishHome Kitchen Installation Ltd,Kitchen Installation,"M21, M14, M20, M3",Manchester,01318899223,claims@britishhomekitc.co.uk,FMB Member; Trustmark,5,Yes (Mon-Sat),Comprehensive only,3.8,Yes,
HS-1056,TrustMark Bathroom Installation & Sons,Bathroom Installation,"M2, M1, M21, M20, M3",Manchester,01133934568,claims@trustmarkbathro.co.uk,FMB Member; Trustmark,2,No,All tiers,5.0,Yes,
HS-1057,Metro Bathroom Installation Services,Bathroom Installation,"M4, M14, M2, M1, M20, OL1, M21",Manchester,01214392367,claims@metrobathroomin.co.uk,Trustmark; FMB Member,2,No,"Comprehensive,Landlord",4.8,Yes,
HS-1058,TrustMark Painting Group,Painting & Decorating,"M21, M3, M1, OL1, SK2, M20, M2",Manchester,01915505867,claims@trustmarkpainti.co.uk,FMB Member; Trustmark,1,Yes (24/7),"Standard,Comprehensive,Landlord",4.0,Yes,
HS-1059,FastFix Drainage Services,Drainage,"M3, M14, M20",Manchester,01155343253,claims@fastfixdrainage.co.uk,Trustmark; FMB Member,1,Yes (24/7),"Comprehensive,Landlord",4.1,Yes,
HS-1060,Shield Drainage & Sons,Drainage,"M3, M1, M4, OL1, SK1, M20, M21",Manchester,01314903782,claims@shielddrainagea.co.uk,Trustmark; FMB Member,3,Yes (Mon-Sat),All tiers,4.3,Yes,
HS-1061,National Locksmith Group,Locksmith,"M1, M4, M20, SK2, SK1, M2, OL1",Manchester,01221639113,claims@nationallocksmi.co.uk,Master Locksmiths Association; Trustmark,1,No,Comprehensive only,3.8,Yes,
HS-1062,City Locksmith Ltd,Locksmith,"M2, OL1, SK2, M1",Manchester,01211318681,claims@citylocksmithlt.co.uk,Trustmark; Master Locksmiths Association,2,Yes (8am-10pm),Comprehensive only,4.3,Yes,
HS-1063,City Fire Restoration Property Services,Fire Restoration,"SK2, SK1, M20, M1",Manchester,01613920556,claims@cityfirerestora.co.uk,Trustmark; BDMA Member,3,Yes (24/7),"Comprehensive,Landlord",4.6,Yes,
HS-1064,SafeHome Fire Restoration Specialists,Fire Restoration,"M4, SK1, M2, M3, M14",Manchester,01914546190,claims@safehomefireres.co.uk,BDMA Member; Trustmark,1,Yes (Mon-Sat),"Standard,Comprehensive,Landlord",4.8,Yes,
HS-1065,Reliable Flood Remediation Services,Flood Remediation,"M2, M14, OL1, M21, SK1, M20",Manchester,01229988082,claims@reliablefloodre.co.uk,BDMA Member; PCA Registered,5,Yes (Mon-Sat),All tiers,4.7,Yes,
HS-1066,ProBuild Subsidence Specialist Services,Subsidence Specialist,"SK1, SK2, M20, M21, M4, M2, M1",Manchester,01312146634,claims@probuildsubside.co.uk,Helifix Approved Installer; RICS Accredited,1,Yes (8am-10pm),"Comprehensive,Landlord",4.4,Yes,HomeShield-approved specialist; must be pre-authorised before work commences
HS-1067,Expert Subsidence Specialist Ltd,Subsidence Specialist,"M21, M3, M20, M14, M1",Manchester,01214318276,claims@expertsubsidenc.co.uk,Helifix Approved Installer; PCA Registered,2,Yes (8am-10pm),"Comprehensive,Landlord",4.6,Yes,HomeShield-approved specialist; must be pre-authorised before work commences
HS-1068,Quality Subsidence Specialist Property Services,Subsidence Specialist,"M20, OL1, M4, M2",Manchester,01175664904,claims@qualitysubsiden.co.uk,RICS Accredited; Helifix Approved Installer,5,Yes (Mon-Sat),"Comprehensive,Landlord",4.4,Yes,HomeShield-approved specialist; must be pre-authorised before work commences
HS-1069,City Environmental (Oil/Contamination) Solutions,Environmental (Oil/Contamination),"M14, M1, SK1, M3, SK2, M21, M20",Manchester,01913138362,claims@cityenvironment.co.uk,ISO 14001 Certified; Environment Agency Licensed,1,Yes (Mon-Sat),"Comprehensive,Landlord",4.4,Yes,Environment Agency licensed; required for all oil escape clean-up claims
HS-1070,Reliable Environmental (Oil/Contamination) Ltd,Environmental (Oil/Contamination),"M2, SK1, OL1, M14, M4, M3, M20",Manchester,01159718927,claims@reliableenviron.co.uk,ISO 14001 Certified; Environment Agency Licensed,3,Yes (24/7),Comprehensive only,4.5,Review pending,Environment Agency licensed; required for all oil escape clean-up claims
HS-1071,Quality Scaffolding Solutions,Scaffolding,"M20, M2, M1, OL1, SK1",Manchester,01315094140,claims@qualityscaffold.co.uk,FMB Member; Trustmark,1,Yes (Mon-Sat),"Standard,Comprehensive,Landlord",4.2,Yes,
HS-1072,ProBuild Scaffolding Group,Scaffolding,"M3, M4, M2",Manchester,01217401324,claims@probuildscaffol.co.uk,Trustmark; FMB Member,5,Yes (8am-10pm),"Comprehensive,Landlord",4.5,Yes,
HS-1073,Premier Scaffolding & Sons,Scaffolding,"M20, SK1, M3",Manchester,01419466263,claims@premierscaffold.co.uk,Trustmark; FMB Member,2,Yes (8am-10pm),All tiers,4.4,Review pending,
HS-1074,Swift Roofing Building Services,Roofing,"B45, B16, B3, B11, B2, B44, B15",Birmingham,01918787310,claims@swiftroofingbui.co.uk,CompetentRoofer; Trustmark,2,Yes (Mon-Sat),All tiers,3.9,Review pending,
HS-1075,Summit Roofing Solutions,Roofing,"B44, B45, B1, B11, B16, B29",Birmingham,01221958327,claims@summitroofingso.co.uk,Trustmark; NFRC Approved,1,Yes (Mon-Sat),Comprehensive only,4.4,Yes,
HS-1076,National Roofing & Sons,Roofing,"B44, B29, B3, B2",Birmingham,01416253209,claims@nationalroofing.co.uk,CompetentRoofer; Trustmark,5,Yes (24/7),Comprehensive only,3.8,Yes,
HS-1077,TrustMark Plumbing Building Services,Plumbing & Heating,"B1, B16, B44, B2",Birmingham,01177113759,claims@trustmarkplumbi.co.uk,Gas Safe Registered; Trustmark,2,No,Comprehensive only,4.2,Yes,
HS-1078,City Plumbing Ltd,Plumbing & Heating,"B45, B44, B1",Birmingham,01226326114,claims@cityplumbingltd.co.uk,Trustmark; CIPHE Member,2,Yes (24/7),"Standard,Comprehensive,Landlord",4.4,Yes,
HS-1079,Metro Electrical Contractors,Electrical,"B11, B15, B30",Birmingham,01157650242,claims@metroelectrical.co.uk,NICEIC Approved; Part P Certified,3,Yes (24/7),Comprehensive only,4.4,Yes,
HS-1080,City Electrical Property Services,Electrical,"B2, B30, B45, B11, B16",Birmingham,01153440135,claims@cityelectricalp.co.uk,NICEIC Approved; Part P Certified,2,Yes (8am-10pm),"Comprehensive,Landlord",4.1,Yes,
HS-1081,Reliable Building Ltd,Building & Structural,"B15, B16, B30, B29, B2",Birmingham,01918425709,claims@reliablebuildin.co.uk,RICS Accredited; FMB Member,3,Yes (Mon-Sat),"Standard,Comprehensive,Landlord",4.6,Yes,
HS-1082,Reliable Building Contractors,Building & Structural,"B1, B3, B29",Birmingham,01221141334,claims@reliablebuildin.co.uk,RICS Accredited; Trustmark,2,Yes (Mon-Sat),All tiers,4.8,Yes,
HS-1083,Quality Building Services,Building & Structural,"B3, B2, B1, B15, B45, B11, B30",Birmingham,01615850331,claims@qualitybuilding.co.uk,RICS Accredited; FMB Member,5,Yes (24/7),"Comprehensive,Landlord",4.6,Yes,
HS-1084,TrustMark Damp & Sons,Damp & Timber Treatment,"B29, B44, B2, B3, B15, B1, B11",Birmingham,01413600641,claims@trustmarkdampan.co.uk,Trustmark; FMB Member,5,Yes (24/7),All tiers,5.0,Yes,
HS-1085,Crown Glazing Solutions,Glazing,"B30, B3, B16, B45, B29, B15, B44",Birmingham,01143032022,claims@crownglazingsol.co.uk,Which? Trusted Trader; FENSA Registered,1,Yes (24/7),"Standard,Comprehensive,Landlord",4.9,Yes,
HS-1086,SafeHome Glazing Property Services,Glazing,"B11, B29, B30, B2, B44, B45, B3",Birmingham,01178534159,claims@safehomeglazing.co.uk,FENSA Registered; Which? Trusted Trader,3,Yes (24/7),All tiers,4.3,Yes,
HS-1087,Expert Joinery & Sons,Joinery & Carpentry,"B45, B1, B2, B3",Birmingham,01156692393,claims@expertjoineryan.co.uk,Trustmark; FMB Member,1,Yes (Mon-Sat),"Comprehensive,Landlord",4.1,Review pending,
HS-1088,Summit Joinery Ltd,Joinery & Carpentry,"B1, B29, B30, B3, B16",Birmingham,01614231712,claims@summitjoinerylt.co.uk,Trustmark; FMB Member,1,No,"Comprehensive,Landlord",4.9,Yes,
HS-1089,Summit Plastering Ltd,Plastering & Rendering,"B2, B1, B29",Birmingham,01314752990,claims@summitplasterin.co.uk,Trustmark; FMB Member,2,Yes (Mon-Sat),Comprehensive only,4.0,Yes,
HS-1090,Regional Plastering Property Services,Plastering & Rendering,"B29, B30, B15, B3, B11",Birmingham,01159725427,claims@regionalplaster.co.uk,Trustmark; FMB Member,5,Yes (8am-10pm),All tiers,4.1,Review pending,
HS-1091,Prestige Flooring Property Services,Flooring,"B15, B45, B44, B3, B2, B29, B16",Birmingham,01172621159,claims@prestigefloorin.co.uk,FMB Member; Trustmark,2,Yes (Mon-Sat),"Comprehensive,Landlord",4.7,Yes,
HS-1092,Metro Flooring Services,Flooring,"B2, B30, B44, B45, B1, B16",Birmingham,01229282273,claims@metroflooringse.co.uk,Trustmark; FMB Member,1,Yes (24/7),All tiers,4.4,Yes,
HS-1093,Expert Kitchen Installation Solutions,Kitchen Installation,"B16, B29, B2, B1, B44",Birmingham,01143892497,claims@expertkitchenin.co.uk,Trustmark; FMB Member,5,Yes (24/7),"Comprehensive,Landlord",4.5,Review pending,
HS-1094,Regional Kitchen Installation Contractors,Kitchen Installation,"B15, B3, B1, B44",Birmingham,01615451995,claims@regionalkitchen.co.uk,Trustmark; FMB Member,1,No,All tiers,4.3,Yes,
HS-1095,Swift Kitchen Installation Group,Kitchen Installation,"B15, B44, B2, B45, B11, B1",Birmingham,01611026839,claims@swiftkitchenins.co.uk,FMB Member; Trustmark,2,Yes (8am-10pm),"Comprehensive,Landlord",4.8,Yes,
HS-1096,Quality Bathroom Installation & Sons,Bathroom Installation,"B3, B30, B44, B11, B45, B29",Birmingham,01158323951,claims@qualitybathroom.co.uk,Trustmark; FMB Member,2,Yes (24/7),"Standard,Comprehensive,Landlord",4.5,Yes,
HS-1097,FastFix Bathroom Installation Group,Bathroom Installation,"B30, B44, B29, B1",Birmingham,01136187330,claims@fastfixbathroom.co.uk,Trustmark; FMB Member,1,Yes (24/7),"Standard,Comprehensive,Landlord",4.3,Yes,
HS-1098,Swift Painting Building Services,Painting & Decorating,"B44, B3, B30",Birmingham,01218199483,claims@swiftpaintingbu.co.uk,FMB Member; Trustmark,1,Yes (24/7),Comprehensive only,3.8,Yes,
HS-1099,Summit Painting & Sons,Painting & Decorating,"B29, B3, B1",Birmingham,01912101729,claims@summitpaintinga.co.uk,FMB Member; Trustmark,5,Yes (8am-10pm),All tiers,4.6,Yes,
HS-1100,BritishHome Painting & Sons,Painting & Decorating,"B15, B1, B44, B3, B16, B2, B29",Birmingham,01151122818,claims@britishhomepain.co.uk,FMB Member; Trustmark,3,Yes (8am-10pm),Comprehensive only,3.9,Yes,
HS-1101,Prestige Drainage Services,Drainage,"B30, B29, B11",Birmingham,01616470221,claims@prestigedrainag.co.uk,Trustmark; FMB Member,2,Yes (8am-10pm),Comprehensive only,4.7,Yes,
HS-1102,Shield Drainage Specialists,Drainage,"B44, B16, B1",Birmingham,01133572001,claims@shielddrainages.co.uk,FMB Member; Trustmark,2,Yes (8am-10pm),All tiers,3.9,Yes,
HS-1103,Metro Locksmith Group,Locksmith,"B44, B11, B15, B45",Birmingham,01221235094,claims@metrolocksmithg.co.uk,Master Locksmiths Association; Trustmark,2,No,All tiers,3.8,Review pending,
HS-1104,City Locksmith Specialists,Locksmith,"B29, B45, B11, B1, B2, B3",Birmingham,01919848683,claims@citylocksmithsp.co.uk,Trustmark; Master Locksmiths Association,1,No,Comprehensive only,4.8,Yes,
HS-1105,Expert Locksmith Solutions,Locksmith,"B45, B29, B30, B15",Birmingham,01911318741,claims@expertlocksmith.co.uk,Trustmark; Master Locksmiths Association,5,Yes (24/7),"Standard,Comprehensive,Landlord",4.6,Yes,
HS-1106,Swift Fire Restoration Ltd,Fire Restoration,"B11, B15, B29, B2, B45",Birmingham,01411923806,claims@swiftfirerestor.co.uk,BDMA Member; Trustmark,1,Yes (8am-10pm),Comprehensive only,4.2,Yes,
HS-1107,Quality Fire Restoration Specialists,Fire Restoration,"B11, B3, B44, B29, B1, B30",Birmingham,01145291399,claims@qualityfirerest.co.uk,BDMA Member; Trustmark,5,No,"Standard,Comprehensive,Landlord",4.5,Yes,
HS-1108,Metro Fire Restoration Solutions,Fire Restoration,"B30, B11, B45",Birmingham,01312851061,claims@metrofirerestor.co.uk,BDMA Member; Trustmark,1,Yes (Mon-Sat),"Comprehensive,Landlord",4.5,Yes,
HS-1109,Premier Flood Remediation & Sons,Flood Remediation,"B16, B45, B1, B44",Birmingham,01148498021,claims@premierfloodrem.co.uk,PCA Registered; BDMA Member,5,Yes (Mon-Sat),"Comprehensive,Landlord",4.3,Yes,
HS-1110,Premier Flood Remediation Group,Flood Remediation,"B2, B3, B45, B1, B16, B15, B30",Birmingham,01616344763,claims@premierfloodrem.co.uk,Trustmark; PCA Registered,1,No,"Standard,Comprehensive,Landlord",4.0,Yes,
HS-1111,Apex Subsidence Specialist Ltd,Subsidence Specialist,"B30, B29, B3, B11, B16",Birmingham,01144202016,claims@apexsubsidences.co.uk,PCA Registered; Helifix Approved Installer,1,Yes (24/7),"Standard,Comprehensive,Landlord",4.1,Yes,HomeShield-approved specialist; must be pre-authorised before work commences
HS-1112,BritishHome Environmental (Oil/Contamination) Contractors,Environmental (Oil/Contamination),"B29, B45, B1",Birmingham,01177273267,claims@britishhomeenvi.co.uk,Environment Agency Licensed; ISO 14001 Certified,2,Yes (8am-10pm),All tiers,4.3,Yes,Environment Agency licensed; required for all oil escape clean-up claims
HS-1113,City Environmental (Oil/Contamination) Group,Environmental (Oil/Contamination),"B45, B29, B44, B2, B30",Birmingham,01919080875,claims@cityenvironment.co.uk,Environment Agency Licensed; ISO 14001 Certified,2,Yes (Mon-Sat),"Comprehensive,Landlord",4.4,Yes,Environment Agency licensed; required for all oil escape clean-up claims
HS-1114,FastFix Scaffolding Services,Scaffolding,"B3, B1, B16",Birmingham,01417772525,claims@fastfixscaffold.co.uk,Trustmark; FMB Member,1,No,All tiers,3.9,Yes,
HS-1115,Reliable Scaffolding Group,Scaffolding,"B15, B30, B2, B11, B45, B16, B3",Birmingham,01417631531,claims@reliablescaffol.co.uk,Trustmark; FMB Member,5,Yes (24/7),All tiers,4.4,Yes,
HS-1116,Summit Roofing Property Services,Roofing,"BD1, LS6, LS8",Leeds,01222566407,claims@summitroofingpr.co.uk,NFRC Approved; Trustmark,2,No,"Comprehensive,Landlord",4.9,Yes,
HS-1117,City Plumbing & Sons,Plumbing & Heating,"LS17, LS1, LS7, LS16, LS8",Leeds,01139831453,claims@cityplumbingand.co.uk,Gas Safe Registered; Trustmark,2,Yes (24/7),"Comprehensive,Landlord",3.9,Yes,
HS-1118,TrustMark Plumbing & Sons,Plumbing & Heating,"LS16, LS1, LS17, BD1, LS6",Leeds,01211825794,claims@trustmarkplumbi.co.uk,CIPHE Member; Gas Safe Registered,2,Yes (8am-10pm),"Comprehensive,Landlord",4.8,Yes,
HS-1119,TrustMark Electrical Ltd,Electrical,"BD1, LS7, LS6, LS15, LS16",Leeds,01148908118,claims@trustmarkelectr.co.uk,Part P Certified; NICEIC Approved,5,Yes (24/7),All tiers,4.5,Yes,
HS-1120,Elite Building Building Services,Building & Structural,"LS2, LS1, LS15, BD1",Leeds,01613993675,claims@elitebuildingbu.co.uk,RICS Accredited; Trustmark,3,No,All tiers,4.6,Review pending,
HS-1121,Apex Building Services,Building & Structural,"LS1, LS7, LS15, LS2",Leeds,01222689285,claims@apexbuildingser.co.uk,RIBA Practice; Trustmark,2,No,All tiers,4.1,Yes,
HS-1122,ProBuild Damp Specialists,Damp & Timber Treatment,"LS8, LS7, BD1, LS6, BD2",Leeds,01911811355,claims@probuilddampspe.co.uk,FMB Member; Trustmark,2,Yes (Mon-Sat),"Standard,Comprehensive,Landlord",4.7,Yes,
HS-1123,National Damp Building Services,Damp & Timber Treatment,"LS7, LS17, LS8, LS6, BD2, LS15, LS16",Leeds,01613308823,claims@nationaldampbui.co.uk,Trustmark; FMB Member,3,Yes (Mon-Sat),Comprehensive only,4.5,Yes,
HS-1124,Premier Glazing Services,Glazing,"LS17, LS8, LS2, BD1, LS1, LS7, LS16",Leeds,01228340272,claims@premierglazings.co.uk,Which? Trusted Trader; Trustmark,1,Yes (8am-10pm),All tiers,3.9,Review pending,
HS-1125,Reliable Glazing Contractors,Glazing,"LS15, LS7, LS1, BD2, LS2",Leeds,01317911154,claims@reliableglazing.co.uk,FENSA Registered; Trustmark,2,Yes (Mon-Sat),"Comprehensive,Landlord",4.5,Yes,
HS-1126,Metro Joinery Contractors,Joinery & Carpentry,"LS6, LS1, LS16, BD2, LS2",Leeds,01135548688,claims@metrojoinerycon.co.uk,FMB Member; Trustmark,1,No,"Comprehensive,Landlord",4.4,Review pending,
HS-1127,Quality Joinery Services,Joinery & Carpentry,"LS17, LS6, BD1",Leeds,01217485396,claims@qualityjoinerys.co.uk,FMB Member; Trustmark,1,Yes (24/7),Comprehensive only,3.9,Yes,
HS-1128,Prestige Plastering Specialists,Plastering & Rendering,"BD1, BD2, LS16, LS7, LS6",Leeds,01914356820,claims@prestigeplaster.co.uk,Trustmark; FMB Member,2,Yes (24/7),"Comprehensive,Landlord",4.4,Yes,
HS-1129,Quality Plastering Group,Plastering & Rendering,"LS6, LS8, LS7, LS16, BD1, LS17",Leeds,01146347815,claims@qualityplasteri.co.uk,Trustmark; FMB Member,1,Yes (24/7),Comprehensive only,4.7,Yes,
HS-1130,Metro Plastering & Sons,Plastering & Rendering,"LS17, LS16, LS8, LS15",Leeds,01134479882,claims@metroplastering.co.uk,FMB Member; Trustmark,1,Yes (8am-10pm),"Standard,Comprehensive,Landlord",4.4,Yes,
HS-1131,Prestige Flooring Group,Flooring,"LS15, LS1, LS17, LS8, LS6, BD2, LS7",Leeds,01319347021,claims@prestigefloorin.co.uk,Trustmark; FMB Member,2,Yes (Mon-Sat),"Standard,Comprehensive,Landlord",4.9,Yes,
HS-1132,TrustMark Kitchen Installation & Sons,Kitchen Installation,"LS7, LS17, LS8, LS15",Leeds,01225922492,claims@trustmarkkitche.co.uk,Trustmark; FMB Member,1,Yes (Mon-Sat),"Comprehensive,Landlord",4.7,Yes,
HS-1133,TrustMark Kitchen Installation Solutions,Kitchen Installation,"LS1, BD2, LS2",Leeds,01144384973,claims@trustmarkkitche.co.uk,FMB Member; Trustmark,5,Yes (24/7),"Standard,Comprehensive,Landlord",3.9,Yes,
HS-1134,ProBuild Kitchen Installation Specialists,Kitchen Installation,"LS8, LS17, BD2, LS16, LS6",Leeds,01915274711,claims@probuildkitchen.co.uk,FMB Member; Trustmark,2,Yes (24/7),"Standard,Comprehensive,Landlord",3.9,Review pending,
HS-1135,Elite Bathroom Installation & Sons,Bathroom Installation,"BD2, BD1, LS6, LS2, LS15, LS1",Leeds,01222202207,claims@elitebathroomin.co.uk,Trustmark; FMB Member,3,Yes (24/7),All tiers,4.9,Yes,
HS-1136,FastFix Bathroom Installation & Sons,Bathroom Installation,"LS1, LS6, LS2, LS16",Leeds,01612260723,claims@fastfixbathroom.co.uk,FMB Member; Trustmark,5,No,All tiers,5.0,Review pending,
HS-1137,ProBuild Painting Ltd,Painting & Decorating,"LS8, LS6, LS2, LS15, LS16, LS17",Leeds,01311338941,claims@probuildpaintin.co.uk,FMB Member; Trustmark,5,Yes (24/7),All tiers,4.3,Yes,
HS-1138,National Drainage & Sons,Drainage,"BD1, LS16, LS15",Leeds,01416950225,claims@nationaldrainag.co.uk,Trustmark; FMB Member,3,No,All tiers,4.8,Yes,
HS-1139,City Drainage Building Services,Drainage,"BD2, LS6, LS16, LS8",Leeds,01134422453,claims@citydrainagebui.co.uk,FMB Member; Trustmark,1,No,All tiers,4.1,Yes,
HS-1140,Summit Drainage Solutions,Drainage,"LS17, LS8, LS2",Leeds,01913872260,claims@summitdrainages.co.uk,Trustmark; FMB Member,1,Yes (24/7),Comprehensive only,4.9,Yes,
HS-1141,Quality Locksmith Ltd,Locksmith,"LS1, LS16, LS6, LS17, LS2, BD2",Leeds,01211116119,claims@qualitylocksmit.co.uk,Trustmark; Master Locksmiths Association,1,Yes (Mon-Sat),Comprehensive only,4.9,Yes,
HS-1142,Swift Fire Restoration Solutions,Fire Restoration,"LS6, LS2, LS17, LS15, LS16, LS1",Leeds,01135995188,claims@swiftfirerestor.co.uk,BDMA Member; Trustmark,3,Yes (8am-10pm),"Standard,Comprehensive,Landlord",4.1,Yes,
HS-1143,City Flood Remediation Contractors,Flood Remediation,"LS7, LS8, LS2, LS15, LS1, LS17, BD2",Leeds,01228376870,claims@cityfloodremedi.co.uk,Trustmark; BDMA Member,1,Yes (24/7),"Comprehensive,Landlord",4.1,Yes,
HS-1144,BritishHome Flood Remediation & Sons,Flood Remediation,"BD2, LS8, LS6, LS1, LS2",Leeds,01228437480,claims@britishhomefloo.co.uk,Trustmark; BDMA Member,2,Yes (8am-10pm),Comprehensive only,4.1,Yes,
HS-1145,BritishHome Flood Remediation Group,Flood Remediation,"LS1, LS8, LS16, LS17",Leeds,01226459278,claims@britishhomefloo.co.uk,Trustmark; BDMA Member,2,Yes (24/7),Comprehensive only,4.0,Review pending,
HS-1146,Crown Subsidence Specialist Contractors,Subsidence Specialist,"LS16, LS17, LS7, LS1, LS15, BD1",Leeds,01314772846,claims@crownsubsidence.co.uk,RICS Accredited; PCA Registered,3,Yes (8am-10pm),"Comprehensive,Landlord",4.3,Review pending,HomeShield-approved specialist; must be pre-authorised before work commences
HS-1147,Apex Environmental (Oil/Contamination) Ltd,Environmental (Oil/Contamination),"LS7, LS8, LS2, LS15, LS1, LS17, BD2",Leeds,01227924678,claims@apexenvironment.co.uk,Environment Agency Licensed; ISO 14001 Certified,3,No,"Standard,Comprehensive,Landlord",4.4,Review pending,Environment Agency licensed; required for all oil escape clean-up claims
HS-1148,Elite Scaffolding & Sons,Scaffolding,"LS15, BD1, LS1, LS6, BD2, LS8, LS7",Leeds,01615938841,claims@elitescaffoldin.co.uk,FMB Member; Trustmark,2,Yes (24/7),"Comprehensive,Landlord",4.0,Review pending,
HS-1149,BritishHome Scaffolding Contractors,Scaffolding,"LS1, BD2, LS16",Leeds,01132048073,claims@britishhomescaf.co.uk,FMB Member; Trustmark,1,No,All tiers,4.7,Yes,
HS-1150,Apex Roofing Ltd,Roofing,"BS7, BS6, BS14, BS9, BS1, BS3",Bristol,01613545444,claims@apexroofingltd.co.uk,NFRC Approved; Trustmark,3,No,"Comprehensive,Landlord",4.9,Yes,
HS-1151,TrustMark Roofing Building Services,Roofing,"BS13, BS14, BS3, BS2",Bristol,01159565617,claims@trustmarkroofin.co.uk,Trustmark; CompetentRoofer,3,Yes (Mon-Sat),Comprehensive only,4.9,Yes,
HS-1152,Apex Plumbing Property Services,Plumbing & Heating,"BS13, BS9, BS2, BS1",Bristol,01222007967,claims@apexplumbingpro.co.uk,Gas Safe Registered; CIPHE Member,5,Yes (8am-10pm),Comprehensive only,4.2,Review pending,
HS-1153,BritishHome Plumbing & Sons,Plumbing & Heating,"BS6, BS3, BS14, BS13, BS2",Bristol,01617473181,claims@britishhomeplum.co.uk,CIPHE Member; Trustmark,5,No,All tiers,4.1,Review pending,
HS-1154,Swift Plumbing Group,Plumbing & Heating,"BS13, BS15, BS9",Bristol,01916588459,claims@swiftplumbinggr.co.uk,Trustmark; Gas Safe Registered,1,Yes (Mon-Sat),All tiers,4.5,Yes,
HS-1155,Metro Electrical Building Services,Electrical,"BS8, BS9, BS7, BS15, BS3",Bristol,01158598227,claims@metroelectrical.co.uk,NAPIT Registered; NICEIC Approved,5,No,"Standard,Comprehensive,Landlord",3.8,Yes,
HS-1156,National Electrical Ltd,Electrical,"BS9, BS15, BS13, BS6, BS14, BS8, BS3",Bristol,01613125676,claims@nationalelectri.co.uk,Part P Certified; NAPIT Registered,2,Yes (8am-10pm),"Comprehensive,Landlord",4.6,Yes,
HS-1157,Shield Electrical Building Services,Electrical,"BS3, BS14, BS2, BS7",Bristol,01419938379,claims@shieldelectrica.co.uk,Part P Certified; NAPIT Registered,5,No,Comprehensive only,4.5,Yes,
HS-1158,Swift Building Solutions,Building & Structural,"BS9, BS6, BS14, BS3, BS13, BS15",Bristol,01219891782,claims@swiftbuildingso.co.uk,FMB Member; RICS Accredited,1,Yes (Mon-Sat),"Comprehensive,Landlord",4.5,Yes,
HS-1159,Prestige Damp Group,Damp & Timber Treatment,"BS2, BS8, BS15",Bristol,01315713546,claims@prestigedampgro.co.uk,Trustmark; FMB Member,5,Yes (Mon-Sat),Comprehensive only,4.5,Review pending,
HS-1160,Elite Damp & Sons,Damp & Timber Treatment,"BS14, BS15, BS13, BS2",Bristol,01171312734,claims@elitedampandson.co.uk,FMB Member; Trustmark,2,Yes (24/7),"Comprehensive,Landlord",4.2,Yes,
HS-1161,Metro Damp Specialists,Damp & Timber Treatment,"BS13, BS6, BS8, BS9",Bristol,01149553901,claims@metrodampspecia.co.uk,FMB Member; Trustmark,1,Yes (24/7),"Comprehensive,Landlord",3.9,Yes,
HS-1162,Swift Glazing Building Services,Glazing,"BS3, BS8, BS2, BS1, BS7, BS14, BS13",Bristol,01225936022,claims@swiftglazingbui.co.uk,Trustmark; FENSA Registered,1,No,All tiers,4.4,Yes,
HS-1163,Prestige Joinery Ltd,Joinery & Carpentry,"BS3, BS13, BS7, BS1, BS15, BS9, BS6",Bristol,01215707915,claims@prestigejoinery.co.uk,FMB Member; Trustmark,2,No,"Standard,Comprehensive,Landlord",4.4,Yes,
HS-1164,Metro Joinery Services,Joinery & Carpentry,"BS15, BS1, BS6",Bristol,01176553026,claims@metrojoineryser.co.uk,Trustmark; FMB Member,2,No,"Standard,Comprehensive,Landlord",4.1,Yes,
HS-1165,Shield Joinery Specialists,Joinery & Carpentry,"BS8, BS3, BS14, BS15, BS7, BS9, BS6",Bristol,01915365896,claims@shieldjoinerysp.co.uk,Trustmark; FMB Member,3,No,"Comprehensive,Landlord",4.5,Yes,
HS-1166,BritishHome Plastering Group,Plastering & Rendering,"BS9, BS14, BS6, BS15, BS8",Bristol,01217149499,claims@britishhomeplas.co.uk,FMB Member; Trustmark,1,Yes (24/7),Comprehensive only,4.7,Yes,
HS-1167,BritishHome Plastering Ltd,Plastering & Rendering,"BS3, BS1, BS7, BS14, BS8",Bristol,01919697415,claims@britishhomeplas.co.uk,FMB Member; Trustmark,2,No,Comprehensive only,4.8,Yes,
HS-1168,Quality Flooring Contractors,Flooring,"BS3, BS13, BS2, BS1, BS7, BS9",Bristol,01138358257,claims@qualityflooring.co.uk,FMB Member; Trustmark,2,No,"Standard,Comprehensive,Landlord",3.9,Yes,
HS-1169,National Flooring Ltd,Flooring,"BS14, BS8, BS13, BS3, BS6, BS2, BS9",Bristol,01157889485,claims@nationalfloorin.co.uk,FMB Member; Trustmark,2,Yes (8am-10pm),Comprehensive only,4.1,Yes,
HS-1170,Premier Flooring Services,Flooring,"BS9, BS8, BS1, BS3, BS2, BS15",Bristol,01144868727,claims@premierflooring.co.uk,FMB Member; Trustmark,1,Yes (Mon-Sat),"Standard,Comprehensive,Landlord",3.8,Yes,
HS-1171,National Kitchen Installation Building Services,Kitchen Installation,"BS14, BS9, BS13, BS15, BS3, BS8",Bristol,01141358648,claims@nationalkitchen.co.uk,FMB Member; Trustmark,2,Yes (Mon-Sat),"Standard,Comprehensive,Landlord",4.6,Review pending,
HS-1172,Swift Kitchen Installation Ltd,Kitchen Installation,"BS15, BS6, BS1, BS2, BS14",Bristol,01914598523,claims@swiftkitchenins.co.uk,Trustmark; FMB Member,1,Yes (24/7),All tiers,4.7,Yes,
HS-1173,Premier Kitchen Installation Services,Kitchen Installation,"BS8, BS7, BS2, BS3, BS15, BS1",Bristol,01919578179,claims@premierkitcheni.co.uk,Trustmark; FMB Member,1,Yes (8am-10pm),"Standard,Comprehensive,Landlord",4.6,Yes,
HS-1174,SafeHome Bathroom Installation Solutions,Bathroom Installation,"BS2, BS7, BS15, BS6",Bristol,01228647412,claims@safehomebathroo.co.uk,Trustmark; FMB Member,3,Yes (24/7),All tiers,4.8,Yes,
HS-1175,Prestige Bathroom Installation Contractors,Bathroom Installation,"BS2, BS14, BS1, BS3, BS9, BS6, BS13",Bristol,01611670416,claims@prestigebathroo.co.uk,FMB Member; Trustmark,5,Yes (Mon-Sat),All tiers,4.1,Review pending,
HS-1176,Premier Painting Services,Painting & Decorating,"BS15, BS7, BS9, BS3, BS13, BS6, BS1",Bristol,01218469615,claims@premierpainting.co.uk,Trustmark; FMB Member,2,Yes (8am-10pm),All tiers,4.8,Yes,
HS-1177,Reliable Painting Specialists,Painting & Decorating,"BS2, BS7, BS9, BS8",Bristol,01919121662,claims@reliablepaintin.co.uk,FMB Member; Trustmark,3,Yes (Mon-Sat),"Comprehensive,Landlord",4.9,Yes,
HS-1178,FastFix Drainage Solutions,Drainage,"BS3, BS15, BS13, BS1, BS7, BS14, BS2",Bristol,01145516671,claims@fastfixdrainage.co.uk,Trustmark; FMB Member,2,Yes (24/7),"Comprehensive,Landlord",4.2,Yes,
HS-1179,National Locksmith Services,Locksmith,"BS8, BS3, BS15",Bristol,01175781173,claims@nationallocksmi.co.uk,Master Locksmiths Association; Trustmark,3,No,Comprehensive only,4.8,Review pending,
HS-1180,Regional Locksmith Building Services,Locksmith,"BS7, BS2, BS1, BS14, BS13, BS6",Bristol,01136318264,claims@regionallocksmi.co.uk,Trustmark; Master Locksmiths Association,2,No,Comprehensive only,4.9,Yes,
HS-1181,Premier Locksmith Solutions,Locksmith,"BS3, BS7, BS14",Bristol,01157192980,claims@premierlocksmit.co.uk,Trustmark; Master Locksmiths Association,2,No,All tiers,4.2,Yes,
HS-1182,National Fire Restoration Contractors,Fire Restoration,"BS9, BS7, BS14, BS3, BS1, BS15, BS6",Bristol,01418183038,claims@nationalfireres.co.uk,BDMA Member; Trustmark,2,Yes (Mon-Sat),"Comprehensive,Landlord",4.3,Yes,
HS-1183,City Fire Restoration Property Services,Fire Restoration,"BS15, BS6, BS14",Bristol,01141152661,claims@cityfirerestora.co.uk,Trustmark; BDMA Member,1,Yes (Mon-Sat),"Comprehensive,Landlord",4.2,Yes,
HS-1184,Reliable Flood Remediation Services,Flood Remediation,"BS3, BS1, BS14, BS6, BS8, BS13",Bristol,01211697731,claims@reliablefloodre.co.uk,PCA Registered; Trustmark,3,Yes (Mon-Sat),Comprehensive only,4.1,Yes,
HS-1185,ProBuild Flood Remediation Property Services,Flood Remediation,"BS9, BS1, BS2",Bristol,01915379833,claims@probuildfloodre.co.uk,Trustmark; PCA Registered,3,Yes (Mon-Sat),"Comprehensive,Landlord",4.3,Yes,
HS-1186,Apex Subsidence Specialist Solutions,Subsidence Specialist,"BS7, BS8, BS6",Bristol,01318154517,claims@apexsubsidences.co.uk,RICS Accredited; Helifix Approved Installer,2,No,"Standard,Comprehensive,Landlord",4.9,Yes,HomeShield-approved specialist; must be pre-authorised before work commences
HS-1187,National Subsidence Specialist Specialists,Subsidence Specialist,"BS7, BS3, BS15, BS2, BS14",Bristol,01311242841,claims@nationalsubside.co.uk,RICS Accredited; PCA Registered,2,No,All tiers,3.9,Yes,HomeShield-approved specialist; must be pre-authorised before work commences
HS-1188,Reliable Environmental (Oil/Contamination) Building Services,Environmental (Oil/Contamination),"BS14, BS2, BS1, BS15, BS8, BS7",Bristol,01154765929,claims@reliableenviron.co.uk,Environment Agency Licensed; ISO 14001 Certified,2,No,"Standard,Comprehensive,Landlord",4.4,Yes,Environment Agency licensed; required for all oil escape clean-up claims
HS-1189,Swift Environmental (Oil/Contamination) Group,Environmental (Oil/Contamination),"BS9, BS15, BS6, BS3",Bristol,01414489054,claims@swiftenvironmen.co.uk,Environment Agency Licensed; ISO 14001 Certified,5,No,"Standard,Comprehensive,Landlord",4.4,Yes,Environment Agency licensed; required for all oil escape clean-up claims
HS-1190,SafeHome Environmental (Oil/Contamination) Solutions,Environmental (Oil/Contamination),"BS13, BS8, BS7, BS9, BS3, BS2",Bristol,01157239804,claims@safehomeenviron.co.uk,Environment Agency Licensed; ISO 14001 Certified,2,Yes (Mon-Sat),Comprehensive only,4.4,Yes,Environment Agency licensed; required for all oil escape clean-up claims
HS-1191,ProBuild Scaffolding Specialists,Scaffolding,"BS14, BS8, BS9, BS2",Bristol,01131378690,claims@probuildscaffol.co.uk,Trustmark; FMB Member,2,No,"Comprehensive,Landlord",4.5,Yes,
HS-1192,BritishHome Scaffolding Property Services,Scaffolding,"BS13, BS3, BS8, BS1, BS2, BS7, BS6",Bristol,01143583160,claims@britishhomescaf.co.uk,Trustmark; FMB Member,2,No,All tiers,4.6,Yes,
HS-1193,Shield Scaffolding Services,Scaffolding,"BS13, BS7, BS8, BS9, BS15, BS3, BS2",Bristol,01227365382,claims@shieldscaffoldi.co.uk,Trustmark; FMB Member,1,Yes (Mon-Sat),All tiers,3.8,Yes,
HS-1194,National Roofing Group,Roofing,"EH6, EH11, EH3, EH16",Edinburgh,01215809106,claims@nationalroofing.co.uk,CompetentRoofer; Trustmark,2,Yes (Mon-Sat),Comprehensive only,4.7,Yes,
HS-1195,Crown Roofing Contractors,Roofing,"EH12, EH1, EH16, EH7, EH8, EH11",Edinburgh,01177789981,claims@crownroofingcon.co.uk,NFRC Approved; Trustmark,1,Yes (8am-10pm),"Standard,Comprehensive,Landlord",5.0,Yes,
HS-1196,Premier Roofing & Sons,Roofing,"EH1, EH12, EH2",Edinburgh,01418070566,claims@premierroofinga.co.uk,Trustmark; CompetentRoofer,5,No,"Standard,Comprehensive,Landlord",4.2,Yes,
HS-1197,TrustMark Plumbing Solutions,Plumbing & Heating,"EH10, EH11, EH1, EH12, EH8",Edinburgh,01414138407,claims@trustmarkplumbi.co.uk,Gas Safe Registered; Trustmark,2,No,Comprehensive only,4.4,Yes,
HS-1198,Prestige Plumbing Solutions,Plumbing & Heating,"EH1, EH10, EH7, EH2, EH16, EH3",Edinburgh,01142009647,claims@prestigeplumbin.co.uk,Trustmark; CIPHE Member,1,No,All tiers,4.3,Review pending,
HS-1199,TrustMark Electrical Ltd,Electrical,"EH16, EH7, EH8, EH6, EH1, EH11, EH12",Edinburgh,01159369038,claims@trustmarkelectr.co.uk,Part P Certified; NAPIT Registered,2,Yes (Mon-Sat),"Comprehensive,Landlord",4.9,Yes,
HS-1200,Crown Building Services,Building & Structural,"EH3, EH7, EH2, EH1, EH8, EH12",Edinburgh,01315131663,claims@crownbuildingse.co.uk,Trustmark; RICS Accredited,3,Yes (Mon-Sat),"Comprehensive,Landlord",3.9,Yes,
HS-1201,Prestige Building Ltd,Building & Structural,"EH6, EH3, EH7",Edinburgh,01916676380,claims@prestigebuildin.co.uk,RICS Accredited; Trustmark,2,Yes (Mon-Sat),"Comprehensive,Landlord",4.4,Yes,
HS-1202,Metro Building Group,Building & Structural,"EH3, EH1, EH10, EH16",Edinburgh,01137564005,claims@metrobuildinggr.co.uk,RICS Accredited; FMB Member,2,Yes (8am-10pm),All tiers,4.3,Yes,
HS-1203,Summit Damp Services,Damp & Timber Treatment,"EH11, EH6, EH10, EH1",Edinburgh,01314580980,claims@summitdampservi.co.uk,Trustmark; FMB Member,1,No,"Comprehensive,Landlord",4.0,Review pending,
HS-1204,ProBuild Glazing Services,Glazing,"EH12, EH6, EH11, EH1, EH7",Edinburgh,01229724008,claims@probuildglazing.co.uk,Trustmark; Which? Trusted Trader,3,Yes (8am-10pm),"Comprehensive,Landlord",4.1,Yes,
HS-1205,Crown Glazing Solutions,Glazing,"EH7, EH16, EH12, EH6, EH10, EH2, EH8",Edinburgh,01617742956,claims@crownglazingsol.co.uk,Which? Trusted Trader; Trustmark,1,Yes (Mon-Sat),"Comprehensive,Landlord",4.6,Yes,
HS-1206,Reliable Glazing Solutions,Glazing,"EH3, EH10, EH1, EH8, EH2",Edinburgh,01215647410,claims@reliableglazing.co.uk,Trustmark; FENSA Registered,2,Yes (8am-10pm),Comprehensive only,4.6,Yes,
HS-1207,Premier Joinery Specialists,Joinery & Carpentry,"EH7, EH3, EH10, EH2",Edinburgh,01159052405,claims@premierjoinerys.co.uk,FMB Member; Trustmark,5,No,All tiers,4.1,Review pending,
HS-1208,Prestige Plastering Specialists,Plastering & Rendering,"EH3, EH7, EH8, EH10, EH1, EH11",Edinburgh,01177965226,claims@prestigeplaster.co.uk,FMB Member; Trustmark,1,Yes (Mon-Sat),"Comprehensive,Landlord",3.8,Yes,
HS-1209,FastFix Flooring Contractors,Flooring,"EH3, EH6, EH12, EH1, EH8, EH16",Edinburgh,01134592214,claims@fastfixflooring.co.uk,FMB Member; Trustmark,5,Yes (24/7),All tiers,3.9,Yes,
HS-1210,Swift Kitchen Installation Contractors,Kitchen Installation,"EH8, EH12, EH7, EH1, EH6, EH10",Edinburgh,01226436539,claims@swiftkitchenins.co.uk,FMB Member; Trustmark,2,Yes (8am-10pm),Comprehensive only,4.0,Yes,
HS-1211,FastFix Kitchen Installation Specialists,Kitchen Installation,"EH7, EH12, EH11, EH3, EH6",Edinburgh,01619124476,claims@fastfixkitcheni.co.uk,FMB Member; Trustmark,5,Yes (8am-10pm),"Comprehensive,Landlord",4.8,Yes,
HS-1212,ProBuild Bathroom Installation Building Services,Bathroom Installation,"EH3, EH6, EH7, EH12, EH16",Edinburgh,01311095910,claims@probuildbathroo.co.uk,Trustmark; FMB Member,5,Yes (24/7),All tiers,3.9,Review pending,
HS-1213,Crown Painting Specialists,Painting & Decorating,"EH6, EH1, EH12, EH2",Edinburgh,01417676158,claims@crownpaintingsp.co.uk,Trustmark; FMB Member,2,Yes (24/7),All tiers,4.8,Yes,
HS-1214,TrustMark Painting Contractors,Painting & Decorating,"EH6, EH16, EH10",Edinburgh,01611451900,claims@trustmarkpainti.co.uk,Trustmark; FMB Member,2,Yes (8am-10pm),All tiers,4.4,Yes,
HS-1215,BritishHome Drainage & Sons,Drainage,"EH10, EH3, EH11, EH8, EH16, EH6",Edinburgh,01416936154,claims@britishhomedrai.co.uk,Trustmark; FMB Member,3,No,All tiers,4.2,Review pending,
HS-1216,BritishHome Drainage Building Services,Drainage,"EH3, EH2, EH7, EH11, EH1, EH16",Edinburgh,01174691124,claims@britishhomedrai.co.uk,FMB Member; Trustmark,1,Yes (8am-10pm),"Comprehensive,Landlord",4.2,Yes,
HS-1217,Crown Drainage Building Services,Drainage,"EH12, EH6, EH7, EH1, EH2",Edinburgh,01415147777,claims@crowndrainagebu.co.uk,FMB Member; Trustmark,5,No,"Comprehensive,Landlord",4.0,Yes,
HS-1218,TrustMark Locksmith Specialists,Locksmith,"EH8, EH7, EH6, EH3",Edinburgh,01618654954,claims@trustmarklocksm.co.uk,Trustmark; Master Locksmiths Association,1,No,"Standard,Comprehensive,Landlord",4.3,Yes,
HS-1219,Swift Locksmith Services,Locksmith,"EH10, EH2, EH8",Edinburgh,01412488168,claims@swiftlocksmiths.co.uk,Trustmark; Master Locksmiths Association,2,Yes (8am-10pm),Comprehensive only,5.0,Yes,
HS-1220,SafeHome Fire Restoration Services,Fire Restoration,"EH3, EH1, EH7, EH2, EH11, EH16",Edinburgh,01153150963,claims@safehomefireres.co.uk,BDMA Member; Trustmark,1,Yes (8am-10pm),"Comprehensive,Landlord",4.1,Yes,
HS-1221,TrustMark Fire Restoration Specialists,Fire Restoration,"EH7, EH10, EH1, EH6, EH12, EH16",Edinburgh,01911215547,claims@trustmarkfirere.co.uk,Trustmark; BDMA Member,1,No,"Comprehensive,Landlord",4.0,Yes,
HS-1222,BritishHome Flood Remediation Property Services,Flood Remediation,"EH8, EH6, EH3",Edinburgh,01226203648,claims@britishhomefloo.co.uk,BDMA Member; Trustmark,1,Yes (24/7),"Comprehensive,Landlord",5.0,Yes,
HS-1223,Prestige Flood Remediation Contractors,Flood Remediation,"EH12, EH8, EH16, EH2",Edinburgh,01216224670,claims@prestigefloodre.co.uk,PCA Registered; BDMA Member,1,Yes (24/7),"Comprehensive,Landlord",4.7,Yes,
HS-1224,Prestige Subsidence Specialist & Sons,Subsidence Specialist,"EH8, EH16, EH2, EH3, EH10",Edinburgh,01611783299,claims@prestigesubside.co.uk,RICS Accredited; Helifix Approved Installer,5,Yes (Mon-Sat),All tiers,3.9,Yes,HomeShield-approved specialist; must be pre-authorised before work commences
HS-1225,Reliable Environmental (Oil/Contamination) Group,Environmental (Oil/Contamination),"EH1, EH6, EH3, EH7, EH11, EH2",Edinburgh,01226650853,claims@reliableenviron.co.uk,Environment Agency Licensed; ISO 14001 Certified,1,Yes (8am-10pm),Comprehensive only,4.1,Review pending,Environment Agency licensed; required for all oil escape clean-up claims
HS-1226,ProBuild Scaffolding Services,Scaffolding,"EH8, EH12, EH7, EH16, EH3",Edinburgh,01911035838,claims@probuildscaffol.co.uk,FMB Member; Trustmark,2,Yes (Mon-Sat),"Standard,Comprehensive,Landlord",4.6,Yes,
HS-1227,FastFix Roofing Group,Roofing,"G2, G3, G12, G1, G42",Glasgow,01617044948,claims@fastfixroofingg.co.uk,CompetentRoofer; NFRC Approved,3,No,"Comprehensive,Landlord",4.1,Yes,
HS-1228,BritishHome Plumbing Ltd,Plumbing & Heating,"G3, G41, G13, G4",Glasgow,01158682591,claims@britishhomeplum.co.uk,Trustmark; Gas Safe Registered,3,Yes (8am-10pm),"Comprehensive,Landlord",4.5,Yes,
HS-1229,BritishHome Plumbing Solutions,Plumbing & Heating,"G4, G11, G14",Glasgow,01226104699,claims@britishhomeplum.co.uk,Trustmark; CIPHE Member,1,Yes (Mon-Sat),Comprehensive only,3.9,Review pending,
HS-1230,Swift Plumbing Solutions,Plumbing & Heating,"G14, G42, G4",Glasgow,01418049391,claims@swiftplumbingso.co.uk,Trustmark; Gas Safe Registered,2,Yes (Mon-Sat),Comprehensive only,5.0,Yes,
HS-1231,City Electrical Group,Electrical,"G2, G11, G13, G12, G42",Glasgow,01213153795,claims@cityelectricalg.co.uk,NAPIT Registered; NICEIC Approved,2,Yes (8am-10pm),"Standard,Comprehensive,Landlord",4.9,Yes,
HS-1232,Quality Building Contractors,Building & Structural,"G3, G42, G13, G12, G41, G11, G4",Glasgow,01179891303,claims@qualitybuilding.co.uk,Trustmark; RIBA Practice,1,No,"Standard,Comprehensive,Landlord",4.9,Review pending,
HS-1233,Prestige Damp Specialists,Damp & Timber Treatment,"G12, G41, G4, G3",Glasgow,01612863757,claims@prestigedampspe.co.uk,FMB Member; Trustmark,1,No,All tiers,4.5,Yes,
HS-1234,TrustMark Damp Solutions,Damp & Timber Treatment,"G12, G11, G42",Glasgow,01411006185,claims@trustmarkdampso.co.uk,FMB Member; Trustmark,2,No,Comprehensive only,4.4,Yes,
HS-1235,Shield Glazing Specialists,Glazing,"G11, G1, G42",Glasgow,01317745077,claims@shieldglazingsp.co.uk,Which? Trusted Trader; Trustmark,1,Yes (8am-10pm),"Comprehensive,Landlord",4.1,Yes,
HS-1236,Metro Glazing Solutions,Glazing,"G2, G14, G12, G11, G4, G13",Glasgow,01213120293,claims@metroglazingsol.co.uk,Trustmark; FENSA Registered,2,No,Comprehensive only,4.5,Yes,
HS-1237,City Joinery Contractors,Joinery & Carpentry,"G1, G4, G12, G42, G2",Glasgow,01131803226,claims@cityjoinerycont.co.uk,Trustmark; FMB Member,3,Yes (Mon-Sat),All tiers,4.8,Yes,
HS-1238,Regional Joinery Property Services,Joinery & Carpentry,"G14, G1, G12, G42",Glasgow,01312419889,claims@regionaljoinery.co.uk,Trustmark; FMB Member,2,Yes (Mon-Sat),All tiers,5.0,Review pending,
HS-1239,City Plastering & Sons,Plastering & Rendering,"G2, G12, G3, G4",Glasgow,01145684164,claims@cityplasteringa.co.uk,FMB Member; Trustmark,1,Yes (Mon-Sat),"Standard,Comprehensive,Landlord",4.9,Review pending,
HS-1240,Regional Flooring Contractors,Flooring,"G42, G11, G1, G12, G3, G2",Glasgow,01159886658,claims@regionalfloorin.co.uk,Trustmark; FMB Member,5,Yes (Mon-Sat),Comprehensive only,4.0,Yes,
HS-1241,Quality Flooring Solutions,Flooring,"G3, G11, G4, G42, G12, G2, G41",Glasgow,01915610743,claims@qualityflooring.co.uk,Trustmark; FMB Member,3,Yes (Mon-Sat),Comprehensive only,5.0,Yes,
HS-1242,National Flooring Solutions,Flooring,"G2, G42, G41, G3, G4, G13, G1",Glasgow,01218259968,claims@nationalfloorin.co.uk,FMB Member; Trustmark,1,Yes (8am-10pm),All tiers,3.9,Review pending,
HS-1243,Swift Kitchen Installation Contractors,Kitchen Installation,"G3, G42, G41, G14",Glasgow,01217097722,claims@swiftkitchenins.co.uk,Trustmark; FMB Member,3,Yes (24/7),All tiers,4.1,Yes,
HS-1244,Premier Bathroom Installation Ltd,Bathroom Installation,"G13, G3, G14, G12",Glasgow,01212410402,claims@premierbathroom.co.uk,FMB Member; Trustmark,3,No,Comprehensive only,4.0,Yes,
HS-1245,Regional Bathroom Installation Building Services,Bathroom Installation,"G3, G1, G41, G2",Glasgow,01151036134,claims@regionalbathroo.co.uk,FMB Member; Trustmark,3,Yes (24/7),All tiers,3.9,Review pending,
HS-1246,Reliable Painting Specialists,Painting & Decorating,"G2, G41, G4, G3, G1, G13, G42",Glasgow,01919982163,claims@reliablepaintin.co.uk,Trustmark; FMB Member,3,Yes (Mon-Sat),All tiers,4.4,Yes,
HS-1247,Swift Painting Services,Painting & Decorating,"G12, G2, G14, G42, G3, G13",Glasgow,01414540959,claims@swiftpaintingse.co.uk,FMB Member; Trustmark,1,Yes (8am-10pm),"Standard,Comprehensive,Landlord",4.7,Yes,
HS-1248,Quality Drainage Solutions,Drainage,"G14, G41, G2",Glasgow,01419648694,claims@qualitydrainage.co.uk,Trustmark; FMB Member,2,Yes (8am-10pm),"Comprehensive,Landlord",4.9,Review pending,
HS-1249,TrustMark Drainage Group,Drainage,"G13, G4, G11, G3, G42, G12",Glasgow,01314069693,claims@trustmarkdraina.co.uk,FMB Member; Trustmark,1,Yes (Mon-Sat),Comprehensive only,4.0,Yes,
HS-1250,Regional Drainage Building Services,Drainage,"G12, G13, G42, G4",Glasgow,01312577193,claims@regionaldrainag.co.uk,FMB Member; Trustmark,1,Yes (8am-10pm),"Comprehensive,Landlord",4.1,Yes,
HS-1251,Summit Locksmith Group,Locksmith,"G11, G4, G13, G2",Glasgow,01614805883,claims@summitlocksmith.co.uk,Master Locksmiths Association; Trustmark,2,Yes (24/7),"Standard,Comprehensive,Landlord",4.2,Yes,
HS-1252,TrustMark Locksmith Specialists,Locksmith,"G3, G11, G2, G14, G12, G42",Glasgow,01152671400,claims@trustmarklocksm.co.uk,Master Locksmiths Association; Trustmark,2,Yes (Mon-Sat),Comprehensive only,4.4,Yes,
HS-1253,Shield Fire Restoration Building Services,Fire Restoration,"G4, G14, G2",Glasgow,01146264286,claims@shieldfireresto.co.uk,BDMA Member; Trustmark,1,Yes (Mon-Sat),"Comprehensive,Landlord",4.2,Yes,
HS-1254,Swift Fire Restoration Specialists,Fire Restoration,"G41, G4, G11, G1, G12",Glasgow,01914431975,claims@swiftfirerestor.co.uk,Trustmark; BDMA Member,2,Yes (Mon-Sat),"Comprehensive,Landlord",4.2,Yes,
HS-1255,Prestige Fire Restoration Services,Fire Restoration,"G14, G12, G42, G2",Glasgow,01611347309,claims@prestigefireres.co.uk,BDMA Member; Trustmark,5,No,All tiers,4.5,Review pending,
HS-1256,Regional Flood Remediation Group,Flood Remediation,"G41, G2, G14, G3, G12, G11",Glasgow,01142601630,claims@regionalfloodre.co.uk,Trustmark; BDMA Member,2,No,Comprehensive only,4.4,Yes,
HS-1257,Quality Flood Remediation & Sons,Flood Remediation,"G11, G3, G12, G4, G41",Glasgow,01226621424,claims@qualityfloodrem.co.uk,BDMA Member; Trustmark,5,Yes (24/7),"Comprehensive,Landlord",4.1,Yes,
HS-1258,Crown Flood Remediation Property Services,Flood Remediation,"G3, G42, G4, G14, G41, G2",Glasgow,01226693759,claims@crownfloodremed.co.uk,BDMA Member; Trustmark,2,No,"Standard,Comprehensive,Landlord",4.7,Yes,
HS-1259,SafeHome Subsidence Specialist Contractors,Subsidence Specialist,"G11, G12, G3",Glasgow,01153492690,claims@safehomesubside.co.uk,PCA Registered; RICS Accredited,5,No,"Standard,Comprehensive,Landlord",3.9,Yes,HomeShield-approved specialist; must be pre-authorised before work commences
HS-1260,Prestige Subsidence Specialist Services,Subsidence Specialist,"G12, G14, G41, G4, G3, G42, G11",Glasgow,01418903416,claims@prestigesubside.co.uk,PCA Registered; Helifix Approved Installer,1,Yes (Mon-Sat),All tiers,4.2,Yes,HomeShield-approved specialist; must be pre-authorised before work commences
HS-1261,BritishHome Environmental (Oil/Contamination) Building Services,Environmental (Oil/Contamination),"G3, G11, G41",Glasgow,01215131153,claims@britishhomeenvi.co.uk,Environment Agency Licensed; ISO 14001 Certified,2,Yes (Mon-Sat),All tiers,4.2,Yes,Environment Agency licensed; required for all oil escape clean-up claims
HS-1262,Prestige Scaffolding Group,Scaffolding,"G12, G2, G14, G3, G42, G41",Glasgow,01919744884,claims@prestigescaffol.co.uk,Trustmark; FMB Member,2,No,All tiers,4.6,Review pending,
HS-1263,Crown Scaffolding Group,Scaffolding,"G1, G3, G12",Glasgow,01147345957,claims@crownscaffoldin.co.uk,FMB Member; Trustmark,1,No,"Comprehensive,Landlord",4.9,Review pending,
HS-1264,Apex Scaffolding Building Services,Scaffolding,"G3, G13, G41, G4, G2, G12",Glasgow,01316320908,claims@apexscaffolding.co.uk,Trustmark; FMB Member,3,Yes (24/7),All tiers,4.1,Yes,
HS-1265,Summit Roofing Building Services,Roofing,"S1, S7, S17, S10, S6",Sheffield,01133778534,claims@summitroofingbu.co.uk,CompetentRoofer; Trustmark,5,Yes (24/7),All tiers,4.9,Yes,
HS-1266,ProBuild Roofing Ltd,Roofing,"S2, S7, S11, S10",Sheffield,01157147509,claims@probuildroofing.co.uk,NFRC Approved; CompetentRoofer,1,No,"Comprehensive,Landlord",3.9,Review pending,
HS-1267,Reliable Roofing Solutions,Roofing,"S10, S17, S6, S7",Sheffield,01217124171,claims@reliableroofing.co.uk,CompetentRoofer; Trustmark,1,Yes (8am-10pm),Comprehensive only,4.6,Yes,
HS-1268,City Plumbing Group,Plumbing & Heating,"S6, S20, S8, S10, S3, S17, S7",Sheffield,01212310626,claims@cityplumbinggro.co.uk,Trustmark; Gas Safe Registered,1,Yes (8am-10pm),All tiers,4.7,Yes,
HS-1269,Premier Plumbing Contractors,Plumbing & Heating,"S3, S8, S6, S1, S11, S17, S20",Sheffield,01211937217,claims@premierplumbing.co.uk,CIPHE Member; Gas Safe Registered,3,Yes (8am-10pm),"Comprehensive,Landlord",4.5,Yes,
HS-1270,National Plumbing & Sons,Plumbing & Heating,"S1, S3, S7, S11",Sheffield,01147105111,claims@nationalplumbin.co.uk,CIPHE Member; Trustmark,2,Yes (Mon-Sat),Comprehensive only,4.7,Yes,
HS-1271,ProBuild Electrical Specialists,Electrical,"S7, S6, S20, S17, S1",Sheffield,01619613258,claims@probuildelectri.co.uk,NAPIT Registered; Part P Certified,2,Yes (8am-10pm),All tiers,3.9,Yes,
HS-1272,Reliable Building & Sons,Building & Structural,"S17, S3, S6, S2, S7",Sheffield,01146906729,claims@reliablebuildin.co.uk,RIBA Practice; RICS Accredited,1,Yes (Mon-Sat),"Standard,Comprehensive,Landlord",4.3,Yes,
HS-1273,Metro Damp Contractors,Damp & Timber Treatment,"S8, S20, S2",Sheffield,01911442178,claims@metrodampcontra.co.uk,Trustmark; FMB Member,1,Yes (24/7),Comprehensive only,4.3,Yes,
HS-1274,Elite Damp Solutions,Damp & Timber Treatment,"S6, S11, S3, S10, S7, S8",Sheffield,01212701183,claims@elitedampsoluti.co.uk,Trustmark; FMB Member,5,Yes (24/7),Comprehensive only,4.4,Yes,
HS-1275,Crown Damp Group,Damp & Timber Treatment,"S20, S7, S11, S3, S2, S8",Sheffield,01132186828,claims@crowndampgroup.co.uk,FMB Member; Trustmark,5,Yes (Mon-Sat),All tiers,4.0,Yes,
HS-1276,BritishHome Glazing & Sons,Glazing,"S8, S20, S17",Sheffield,01912427203,claims@britishhomeglaz.co.uk,FENSA Registered; Trustmark,1,No,All tiers,4.5,Yes,
HS-1277,City Joinery Building Services,Joinery & Carpentry,"S8, S17, S11, S1",Sheffield,01229506800,claims@cityjoinerybuil.co.uk,Trustmark; FMB Member,3,Yes (Mon-Sat),"Comprehensive,Landlord",4.3,Review pending,
HS-1278,Metro Joinery Ltd,Joinery & Carpentry,"S7, S10, S6, S1, S3, S11, S2",Sheffield,01155412677,claims@metrojoineryltd.co.uk,Trustmark; FMB Member,1,Yes (8am-10pm),Comprehensive only,4.7,Review pending,
HS-1279,Shield Joinery Solutions,Joinery & Carpentry,"S7, S6, S20, S2, S8, S11",Sheffield,01135851280,claims@shieldjoineryso.co.uk,Trustmark; FMB Member,2,No,"Comprehensive,Landlord",4.3,Yes,
HS-1280,Expert Plastering Specialists,Plastering & Rendering,"S7, S10, S2",Sheffield,01152044773,claims@expertplasterin.co.uk,Trustmark; FMB Member,5,Yes (Mon-Sat),"Comprehensive,Landlord",4.3,Review pending,
HS-1281,BritishHome Flooring Building Services,Flooring,"S7, S6, S3",Sheffield,01211363140,claims@britishhomefloo.co.uk,FMB Member; Trustmark,3,Yes (8am-10pm),All tiers,3.9,Yes,
HS-1282,TrustMark Flooring Ltd,Flooring,"S20, S17, S1",Sheffield,01616611047,claims@trustmarkfloori.co.uk,FMB Member; Trustmark,2,Yes (24/7),"Standard,Comprehensive,Landlord",4.0,Yes,
HS-1283,Expert Flooring Group,Flooring,"S20, S8, S1, S3, S2, S11, S7",Sheffield,01159134703,claims@expertflooringg.co.uk,FMB Member; Trustmark,2,No,Comprehensive only,4.8,Review pending,
HS-1284,City Kitchen Installation Services,Kitchen Installation,"S1, S20, S10, S17, S2",Sheffield,01317969665,claims@citykitcheninst.co.uk,FMB Member; Trustmark,1,Yes (24/7),Comprehensive only,4.8,Yes,
HS-1285,Reliable Kitchen Installation & Sons,Kitchen Installation,"S1, S10, S7, S11, S3, S8",Sheffield,01134693232,claims@reliablekitchen.co.uk,Trustmark; FMB Member,5,Yes (8am-10pm),All tiers,4.7,Yes,
HS-1286,Crown Bathroom Installation Contractors,Bathroom Installation,"S6, S2, S1, S3, S20",Sheffield,01135604431,claims@crownbathroomin.co.uk,FMB Member; Trustmark,1,Yes (8am-10pm),Comprehensive only,3.9,Yes,
HS-1287,FastFix Bathroom Installation Group,Bathroom Installation,"S1, S7, S6, S17, S3",Sheffield,01413355645,claims@fastfixbathroom.co.uk,Trustmark; FMB Member,2,Yes (Mon-Sat),Comprehensive only,4.8,Yes,
HS-1288,City Bathroom Installation Contractors,Bathroom Installation,"S17, S7, S6, S2, S3, S1, S8",Sheffield,01147031287,claims@citybathroomins.co.uk,Trustmark; FMB Member,3,Yes (24/7),"Comprehensive,Landlord",4.2,Review pending,
HS-1289,Quality Painting Solutions,Painting & Decorating,"S3, S17, S10",Sheffield,01419819483,claims@qualitypainting.co.uk,FMB Member; Trustmark,2,No,All tiers,4.6,Yes,
HS-1290,Apex Painting Contractors,Painting & Decorating,"S8, S20, S17, S11, S2, S7",Sheffield,01157664570,claims@apexpaintingcon.co.uk,Trustmark; FMB Member,1,Yes (Mon-Sat),"Standard,Comprehensive,Landlord",3.8,Yes,
HS-1291,Metro Painting Specialists,Painting & Decorating,"S17, S6, S7, S3, S8, S2, S10",Sheffield,01311251213,claims@metropaintingsp.co.uk,FMB Member; Trustmark,1,No,Comprehensive only,4.5,Yes,
HS-1292,City Drainage Building Services,Drainage,"S20, S7, S3",Sheffield,01918201024,claims@citydrainagebui.co.uk,FMB Member; Trustmark,3,Yes (24/7),"Standard,Comprehensive,Landlord",4.9,Review pending,
HS-1293,Shield Locksmith & Sons,Locksmith,"S6, S3, S7, S20, S10, S17",Sheffield,01132042012,claims@shieldlocksmith.co.uk,Master Locksmiths Association; Trustmark,1,Yes (24/7),Comprehensive only,4.2,Yes,
HS-1294,National Locksmith Property Services,Locksmith,"S20, S17, S2, S8, S3",Sheffield,01144705523,claims@nationallocksmi.co.uk,Trustmark; Master Locksmiths Association,2,Yes (8am-10pm),"Comprehensive,Landlord",4.9,Yes,
HS-1295,Expert Fire Restoration Specialists,Fire Restoration,"S8, S2, S1, S7, S11, S3",Sheffield,01313338112,claims@expertfireresto.co.uk,BDMA Member; Trustmark,1,Yes (Mon-Sat),"Comprehensive,Landlord",4.0,Yes,
HS-1296,Metro Fire Restoration Building Services,Fire Restoration,"S7, S2, S11, S8, S20",Sheffield,01148607228,claims@metrofirerestor.co.uk,Trustmark; BDMA Member,2,Yes (8am-10pm),"Standard,Comprehensive,Landlord",4.3,Yes,
HS-1297,Swift Fire Restoration Solutions,Fire Restoration,"S6, S8, S2, S1, S7, S17",Sheffield,01213209942,claims@swiftfirerestor.co.uk,Trustmark; BDMA Member,1,Yes (24/7),All tiers,3.9,Review pending,
HS-1298,Prestige Flood Remediation & Sons,Flood Remediation,"S3, S20, S11, S10, S17",Sheffield,01617296379,claims@prestigefloodre.co.uk,PCA Registered; Trustmark,5,Yes (Mon-Sat),"Standard,Comprehensive,Landlord",4.7,Yes,
HS-1299,Crown Flood Remediation Specialists,Flood Remediation,"S17, S1, S11, S3, S20, S8",Sheffield,01175318972,claims@crownfloodremed.co.uk,PCA Registered; Trustmark,2,Yes (Mon-Sat),Comprehensive only,4.5,Yes,
HS-1300,National Flood Remediation Ltd,Flood Remediation,"S8, S2, S1, S3, S7, S17",Sheffield,01412255298,claims@nationalfloodre.co.uk,BDMA Member; PCA Registered,5,Yes (8am-10pm),Comprehensive only,4.3,Yes,
HS-1301,Shield Subsidence Specialist Building Services,Subsidence Specialist,"S17, S3, S11, S2",Sheffield,01175537430,claims@shieldsubsidenc.co.uk,PCA Registered; RICS Accredited,3,No,"Standard,Comprehensive,Landlord",4.3,Yes,HomeShield-approved specialist; must be pre-authorised before work commences
HS-1302,Elite Subsidence Specialist Ltd,Subsidence Specialist,"S10, S3, S6, S7, S11, S20, S2",Sheffield,01158865508,claims@elitesubsidence.co.uk,Helifix Approved Installer; RICS Accredited,3,Yes (Mon-Sat),All tiers,4.9,Yes,HomeShield-approved specialist; must be pre-authorised before work commences
HS-1303,Reliable Environmental (Oil/Contamination) & Sons,Environmental (Oil/Contamination),"S7, S10, S8, S3, S1, S17, S11",Sheffield,01419047941,claims@reliableenviron.co.uk,ISO 14001 Certified; Environment Agency Licensed,3,Yes (Mon-Sat),All tiers,4.7,Yes,Environment Agency licensed; required for all oil escape clean-up claims
HS-1304,Swift Environmental (Oil/Contamination) & Sons,Environmental (Oil/Contamination),"S20, S11, S6",Sheffield,01919708967,claims@swiftenvironmen.co.uk,ISO 14001 Certified; Environment Agency Licensed,2,Yes (24/7),All tiers,4.0,Yes,Environment Agency licensed; required for all oil escape clean-up claims
HS-1305,City Scaffolding Solutions,Scaffolding,"S3, S20, S6, S10, S2, S11, S8",Sheffield,01218571826,claims@cityscaffolding.co.uk,Trustmark; FMB Member,3,Yes (Mon-Sat),"Comprehensive,Landlord",4.7,Yes,
HS-1306,FastFix Scaffolding Group,Scaffolding,"S6, S1, S20, S8, S10, S7",Sheffield,01225163853,claims@fastfixscaffold.co.uk,FMB Member; Trustmark,3,Yes (8am-10pm),"Standard,Comprehensive,Landlord",5.0,Yes,
HS-1307,SafeHome Roofing Contractors,Roofing,"CF23, CF5, CF2, CF24, CF15",Cardiff,01226765475,claims@safehomeroofing.co.uk,CompetentRoofer; Trustmark,1,Yes (8am-10pm),"Comprehensive,Landlord",4.6,Review pending,
HS-1308,Premier Roofing Ltd,Roofing,"CF15, CF3, CF1, CF24, CF10",Cardiff,01156867915,claims@premierroofingl.co.uk,CompetentRoofer; Trustmark,3,Yes (Mon-Sat),"Comprehensive,Landlord",4.2,Yes,
HS-1309,Swift Roofing Solutions,Roofing,"CF23, CF1, CF2, CF11, CF5, CF15, CF24",Cardiff,01414564769,claims@swiftroofingsol.co.uk,NFRC Approved; Trustmark,2,No,Comprehensive only,4.2,Yes,
HS-1310,SafeHome Plumbing Specialists,Plumbing & Heating,"CF5, CF1, CF23",Cardiff,01152116464,claims@safehomeplumbin.co.uk,Trustmark; CIPHE Member,1,Yes (Mon-Sat),Comprehensive only,5.0,Yes,
HS-1311,Quality Plumbing Property Services,Plumbing & Heating,"CF14, CF24, CF10, CF15, CF5, CF23",Cardiff,01223935644,claims@qualityplumbing.co.uk,CIPHE Member; Trustmark,2,Yes (Mon-Sat),Comprehensive only,4.0,Yes,
HS-1312,BritishHome Electrical & Sons,Electrical,"CF24, CF14, CF23",Cardiff,01151126088,claims@britishhomeelec.co.uk,NICEIC Approved; Part P Certified,1,Yes (24/7),Comprehensive only,4.4,Yes,
HS-1313,Shield Building Contractors,Building & Structural,"CF2, CF14, CF11, CF23, CF24",Cardiff,01213337824,claims@shieldbuildingc.co.uk,FMB Member; RIBA Practice,2,Yes (8am-10pm),All tiers,4.4,Yes,
HS-1314,Crown Building Solutions,Building & Structural,"CF15, CF14, CF23, CF3, CF2, CF5",Cardiff,01131733571,claims@crownbuildingso.co.uk,FMB Member; RIBA Practice,3,No,"Standard,Comprehensive,Landlord",4.1,Yes,
HS-1315,Apex Damp Building Services,Damp & Timber Treatment,"CF2, CF5, CF10",Cardiff,01311083228,claims@apexdampbuildin.co.uk,FMB Member; Trustmark,1,No,All tiers,4.3,Review pending,
HS-1316,BritishHome Damp Building Services,Damp & Timber Treatment,"CF14, CF24, CF23, CF1, CF5, CF11, CF2",Cardiff,01152684157,claims@britishhomedamp.co.uk,Trustmark; FMB Member,3,Yes (8am-10pm),Comprehensive only,4.5,Yes,
HS-1317,Elite Glazing Ltd,Glazing,"CF14, CF2, CF10, CF1, CF5",Cardiff,01145736552,claims@eliteglazingltd.co.uk,Trustmark; Which? Trusted Trader,1,Yes (8am-10pm),Comprehensive only,4.6,Yes,
HS-1318,Quality Joinery Services,Joinery & Carpentry,"CF3, CF11, CF10, CF14, CF1",Cardiff,01615620554,claims@qualityjoinerys.co.uk,FMB Member; Trustmark,2,No,"Comprehensive,Landlord",4.0,Review pending,
HS-1319,Elite Joinery & Sons,Joinery & Carpentry,"CF11, CF2, CF24, CF1, CF23, CF15",Cardiff,01145113890,claims@elitejoineryand.co.uk,FMB Member; Trustmark,5,Yes (24/7),Comprehensive only,4.6,Yes,
HS-1320,Elite Joinery Group,Joinery & Carpentry,"CF15, CF11, CF3",Cardiff,01136747465,claims@elitejoinerygro.co.uk,FMB Member; Trustmark,2,Yes (8am-10pm),All tiers,4.0,Yes,
HS-1321,Regional Plastering Solutions,Plastering & Rendering,"CF23, CF2, CF24, CF5, CF15",Cardiff,01228936581,claims@regionalplaster.co.uk,Trustmark; FMB Member,3,Yes (8am-10pm),All tiers,4.4,Review pending,
HS-1322,National Plastering Property Services,Plastering & Rendering,"CF3, CF2, CF10, CF14, CF1",Cardiff,01151377239,claims@nationalplaster.co.uk,FMB Member; Trustmark,2,No,All tiers,4.1,Yes,
HS-1323,Apex Flooring Solutions,Flooring,"CF10, CF3, CF2",Cardiff,01158986306,claims@apexflooringsol.co.uk,FMB Member; Trustmark,2,No,Comprehensive only,4.4,Yes,
HS-1324,TrustMark Flooring Solutions,Flooring,"CF15, CF1, CF24, CF11, CF23, CF3",Cardiff,01225701880,claims@trustmarkfloori.co.uk,Trustmark; FMB Member,3,No,"Comprehensive,Landlord",4.8,Yes,
HS-1325,Reliable Kitchen Installation Building Services,Kitchen Installation,"CF15, CF5, CF11, CF23, CF24, CF1",Cardiff,01315621207,claims@reliablekitchen.co.uk,FMB Member; Trustmark,2,Yes (24/7),"Standard,Comprehensive,Landlord",4.3,Yes,
HS-1326,Quality Kitchen Installation Contractors,Kitchen Installation,"CF5, CF15, CF2, CF24, CF23",Cardiff,01915523918,claims@qualitykitcheni.co.uk,Trustmark; FMB Member,1,Yes (Mon-Sat),"Comprehensive,Landlord",4.5,Yes,
HS-1327,Summit Kitchen Installation & Sons,Kitchen Installation,"CF2, CF23, CF1",Cardiff,01412424618,claims@summitkitchenin.co.uk,FMB Member; Trustmark,3,Yes (Mon-Sat),"Standard,Comprehensive,Landlord",4.5,Yes,
HS-1328,FastFix Bathroom Installation Solutions,Bathroom Installation,"CF14, CF3, CF24, CF23, CF2",Cardiff,01415890887,claims@fastfixbathroom.co.uk,FMB Member; Trustmark,2,Yes (24/7),All tiers,4.6,Yes,
HS-1329,ProBuild Bathroom Installation Services,Bathroom Installation,"CF10, CF14, CF11, CF5, CF24",Cardiff,01412316797,claims@probuildbathroo.co.uk,Trustmark; FMB Member,2,Yes (Mon-Sat),All tiers,4.6,Review pending,
HS-1330,National Bathroom Installation Solutions,Bathroom Installation,"CF11, CF10, CF1, CF5",Cardiff,01316939009,claims@nationalbathroo.co.uk,FMB Member; Trustmark,2,Yes (24/7),All tiers,4.8,Yes,
HS-1331,Summit Painting Solutions,Painting & Decorating,"CF15, CF1, CF24",Cardiff,01172109587,claims@summitpaintings.co.uk,FMB Member; Trustmark,2,Yes (24/7),All tiers,4.2,Yes,
HS-1332,TrustMark Painting Property Services,Painting & Decorating,"CF5, CF2, CF1",Cardiff,01157208445,claims@trustmarkpainti.co.uk,Trustmark; FMB Member,3,Yes (24/7),All tiers,4.4,Review pending,
HS-1333,TrustMark Painting Group,Painting & Decorating,"CF10, CF2, CF11, CF3, CF23",Cardiff,01919808484,claims@trustmarkpainti.co.uk,FMB Member; Trustmark,3,Yes (24/7),Comprehensive only,4.4,Review pending,
HS-1334,Reliable Drainage Ltd,Drainage,"CF14, CF11, CF3, CF1, CF5",Cardiff,01914984112,claims@reliabledrainag.co.uk,Trustmark; FMB Member,1,No,"Comprehensive,Landlord",4.5,Yes,
HS-1335,Expert Drainage Services,Drainage,"CF10, CF23, CF15, CF11, CF1, CF5",Cardiff,01612519375,claims@expertdrainages.co.uk,FMB Member; Trustmark,2,Yes (Mon-Sat),Comprehensive only,4.5,Yes,
HS-1336,Regional Locksmith Ltd,Locksmith,"CF1, CF5, CF3",Cardiff,01416329873,claims@regionallocksmi.co.uk,Master Locksmiths Association; Trustmark,3,Yes (8am-10pm),All tiers,4.6,Yes,
HS-1337,TrustMark Locksmith Solutions,Locksmith,"CF14, CF24, CF23, CF15",Cardiff,01416726744,claims@trustmarklocksm.co.uk,Trustmark; Master Locksmiths Association,2,Yes (8am-10pm),All tiers,4.2,Yes,
HS-1338,SafeHome Locksmith Building Services,Locksmith,"CF2, CF14, CF23, CF11, CF3, CF5, CF10",Cardiff,01138851019,claims@safehomelocksmi.co.uk,Trustmark; Master Locksmiths Association,3,No,"Comprehensive,Landlord",4.8,Review pending,
HS-1339,TrustMark Fire Restoration Building Services,Fire Restoration,"CF1, CF2, CF14, CF11, CF10",Cardiff,01173440181,claims@trustmarkfirere.co.uk,BDMA Member; Trustmark,2,Yes (8am-10pm),"Standard,Comprehensive,Landlord",4.2,Yes,
HS-1340,Prestige Fire Restoration Contractors,Fire Restoration,"CF3, CF11, CF2, CF23",Cardiff,01212308134,claims@prestigefireres.co.uk,Trustmark; BDMA Member,2,Yes (24/7),"Standard,Comprehensive,Landlord",4.7,Yes,
HS-1341,Shield Flood Remediation Specialists,Flood Remediation,"CF11, CF23, CF24, CF15",Cardiff,01146892179,claims@shieldfloodreme.co.uk,PCA Registered; Trustmark,3,Yes (24/7),Comprehensive only,3.9,Yes,
HS-1342,Metro Subsidence Specialist & Sons,Subsidence Specialist,"CF11, CF5, CF23, CF14, CF1, CF15",Cardiff,01227923109,claims@metrosubsidence.co.uk,PCA Registered; Helifix Approved Installer,5,Yes (24/7),"Comprehensive,Landlord",4.0,Review pending,HomeShield-approved specialist; must be pre-authorised before work commences
HS-1343,Crown Environmental (Oil/Contamination) Services,Environmental (Oil/Contamination),"CF2, CF11, CF24",Cardiff,01174850773,claims@crownenvironmen.co.uk,ISO 14001 Certified; Environment Agency Licensed,5,No,"Comprehensive,Landlord",4.3,Review pending,Environment Agency licensed; required for all oil escape clean-up claims
HS-1344,ProBuild Scaffolding Property Services,Scaffolding,"CF5, CF15, CF11",Cardiff,01149528427,claims@probuildscaffol.co.uk,FMB Member; Trustmark,1,No,"Comprehensive,Landlord",4.2,Yes,
HS-1345,Metro Scaffolding Group,Scaffolding,"CF5, CF15, CF2, CF3",Cardiff,01179939143,claims@metroscaffoldin.co.uk,Trustmark; FMB Member,3,Yes (24/7),Comprehensive only,3.8,Yes,
HS-1346,Crown Roofing Solutions,Roofing,"NG3, NG10, NG11, NG2, NG6",Nottingham,01913299056,claims@crownroofingsol.co.uk,NFRC Approved; Trustmark,1,Yes (24/7),Comprehensive only,4.2,Yes,
HS-1347,Expert Roofing Ltd,Roofing,"NG7, NG5, NG2",Nottingham,01413120152,claims@expertroofinglt.co.uk,NFRC Approved; Trustmark,3,Yes (8am-10pm),"Standard,Comprehensive,Landlord",4.5,Yes,
HS-1348,BritishHome Roofing Solutions,Roofing,"NG11, NG3, NG5, NG7, NG10, NG2, NG6",Nottingham,01155791663,claims@britishhomeroof.co.uk,NFRC Approved; Trustmark,3,Yes (24/7),"Comprehensive,Landlord",3.8,Yes,
HS-1349,TrustMark Plumbing Solutions,Plumbing & Heating,"NG8, NG1, NG2, NG6, NG9",Nottingham,01416339347,claims@trustmarkplumbi.co.uk,Trustmark; CIPHE Member,2,Yes (8am-10pm),"Comprehensive,Landlord",4.0,Yes,
HS-1350,Metro Plumbing Ltd,Plumbing & Heating,"NG3, NG5, NG11, NG1, NG6, NG2, NG9",Nottingham,01218191632,claims@metroplumbinglt.co.uk,Gas Safe Registered; Trustmark,1,Yes (8am-10pm),All tiers,4.4,Yes,
HS-1351,Quality Plumbing Building Services,Plumbing & Heating,"NG9, NG11, NG6",Nottingham,01144930926,claims@qualityplumbing.co.uk,CIPHE Member; Trustmark,2,Yes (24/7),"Standard,Comprehensive,Landlord",4.5,Review pending,
HS-1352,Premier Electrical Solutions,Electrical,"NG8, NG1, NG11",Nottingham,01159674668,claims@premierelectric.co.uk,NAPIT Registered; NICEIC Approved,1,No,"Comprehensive,Landlord",4.1,Yes,
HS-1353,ProBuild Electrical Group,Electrical,"NG6, NG2, NG1, NG3",Nottingham,01131337131,claims@probuildelectri.co.uk,NICEIC Approved; NAPIT Registered,5,Yes (24/7),All tiers,4.3,Yes,
HS-1354,Prestige Electrical Contractors,Electrical,"NG1, NG7, NG2, NG6, NG10",Nottingham,01141648102,claims@prestigeelectri.co.uk,NICEIC Approved; NAPIT Registered,3,Yes (24/7),"Comprehensive,Landlord",4.5,Yes,
HS-1355,Swift Building Building Services,Building & Structural,"NG1, NG11, NG2, NG10",Nottingham,01175128885,claims@swiftbuildingbu.co.uk,RIBA Practice; RICS Accredited,3,Yes (8am-10pm),Comprehensive only,4.9,Yes,
HS-1356,Prestige Building & Sons,Building & Structural,"NG7, NG5, NG10, NG8, NG9, NG11",Nottingham,01316347057,claims@prestigebuildin.co.uk,RICS Accredited; Trustmark,2,Yes (Mon-Sat),"Standard,Comprehensive,Landlord",4.4,Yes,
HS-1357,Elite Building Services,Building & Structural,"NG11, NG10, NG9, NG1, NG8, NG6",Nottingham,01151865394,claims@elitebuildingse.co.uk,RICS Accredited; Trustmark,3,Yes (24/7),"Comprehensive,Landlord",4.6,Yes,
HS-1358,Crown Damp Building Services,Damp & Timber Treatment,"NG6, NG8, NG5",Nottingham,01614875305,claims@crowndampbuildi.co.uk,FMB Member; Trustmark,1,Yes (Mon-Sat),All tiers,4.8,Yes,
HS-1359,Shield Glazing & Sons,Glazing,"NG1, NG5, NG7, NG11, NG10, NG3",Nottingham,01214847012,claims@shieldglazingan.co.uk,Which? Trusted Trader; Trustmark,2,Yes (8am-10pm),"Comprehensive,Landlord",4.0,Yes,
HS-1360,FastFix Glazing Ltd,Glazing,"NG10, NG2, NG11, NG3, NG5, NG1",Nottingham,01413917965,claims@fastfixglazingl.co.uk,Trustmark; Which? Trusted Trader,2,Yes (8am-10pm),"Comprehensive,Landlord",4.9,Yes,
HS-1361,Swift Glazing Property Services,Glazing,"NG1, NG11, NG3",Nottingham,01132002213,claims@swiftglazingpro.co.uk,Which? Trusted Trader; FENSA Registered,5,Yes (24/7),Comprehensive only,4.0,Yes,
HS-1362,Premier Joinery Solutions,Joinery & Carpentry,"NG6, NG2, NG11, NG7, NG10",Nottingham,01216469567,claims@premierjoinerys.co.uk,FMB Member; Trustmark,1,Yes (8am-10pm),All tiers,4.6,Yes,
HS-1363,Reliable Joinery Solutions,Joinery & Carpentry,"NG5, NG2, NG1",Nottingham,01911356088,claims@reliablejoinery.co.uk,FMB Member; Trustmark,2,Yes (24/7),"Standard,Comprehensive,Landlord",4.7,Review pending,
HS-1364,Crown Plastering Group,Plastering & Rendering,"NG1, NG10, NG7, NG6",Nottingham,01914285156,claims@crownplastering.co.uk,Trustmark; FMB Member,1,No,"Standard,Comprehensive,Landlord",4.5,Yes,
HS-1365,National Flooring Solutions,Flooring,"NG9, NG1, NG5, NG2, NG8, NG6, NG7",Nottingham,01138826982,claims@nationalfloorin.co.uk,FMB Member; Trustmark,5,Yes (Mon-Sat),"Standard,Comprehensive,Landlord",4.0,Yes,
HS-1366,Premier Flooring Contractors,Flooring,"NG1, NG10, NG5, NG3, NG7, NG11, NG6",Nottingham,01211843824,claims@premierflooring.co.uk,FMB Member; Trustmark,1,No,"Standard,Comprehensive,Landlord",4.6,Yes,
HS-1367,National Flooring Property Services,Flooring,"NG2, NG5, NG9",Nottingham,01228210814,claims@nationalfloorin.co.uk,FMB Member; Trustmark,1,No,Comprehensive only,4.1,Yes,
HS-1368,ProBuild Kitchen Installation Solutions,Kitchen Installation,"NG7, NG6, NG10, NG1, NG9, NG11, NG5",Nottingham,01158198097,claims@probuildkitchen.co.uk,FMB Member; Trustmark,2,Yes (8am-10pm),"Comprehensive,Landlord",4.6,Yes,
HS-1369,SafeHome Kitchen Installation Group,Kitchen Installation,"NG2, NG11, NG5, NG10, NG1",Nottingham,01142622038,claims@safehomekitchen.co.uk,FMB Member; Trustmark,1,Yes (24/7),"Standard,Comprehensive,Landlord",4.9,Yes,
HS-1370,Quality Kitchen Installation Building Services,Kitchen Installation,"NG11, NG3, NG8, NG10, NG7, NG2",Nottingham,01135247325,claims@qualitykitcheni.co.uk,Trustmark; FMB Member,1,Yes (8am-10pm),"Comprehensive,Landlord",4.9,Yes,
HS-1371,Quality Bathroom Installation Ltd,Bathroom Installation,"NG7, NG2, NG10, NG9, NG8, NG6, NG5",Nottingham,01413222183,claims@qualitybathroom.co.uk,Trustmark; FMB Member,5,Yes (8am-10pm),"Standard,Comprehensive,Landlord",4.1,Yes,
HS-1372,Expert Painting Solutions,Painting & Decorating,"NG5, NG10, NG2, NG8, NG1",Nottingham,01216790928,claims@expertpaintings.co.uk,FMB Member; Trustmark,1,Yes (24/7),"Standard,Comprehensive,Landlord",4.1,Review pending,
HS-1373,TrustMark Painting Property Services,Painting & Decorating,"NG6, NG2, NG10",Nottingham,01134954345,claims@trustmarkpainti.co.uk,FMB Member; Trustmark,1,No,"Comprehensive,Landlord",4.3,Yes,
HS-1374,BritishHome Painting Specialists,Painting & Decorating,"NG3, NG8, NG7, NG11, NG2, NG9",Nottingham,01416889405,claims@britishhomepain.co.uk,Trustmark; FMB Member,2,Yes (Mon-Sat),"Standard,Comprehensive,Landlord",4.2,Yes,
HS-1375,Quality Drainage & Sons,Drainage,"NG10, NG6, NG9",Nottingham,01151699566,claims@qualitydrainage.co.uk,FMB Member; Trustmark,3,Yes (Mon-Sat),"Comprehensive,Landlord",4.0,Review pending,
HS-1376,Elite Locksmith Contractors,Locksmith,"NG3, NG11, NG7, NG6",Nottingham,01911548486,claims@elitelocksmithc.co.uk,Master Locksmiths Association; Trustmark,1,Yes (8am-10pm),Comprehensive only,5.0,Yes,
HS-1377,Apex Locksmith Specialists,Locksmith,"NG7, NG6, NG2, NG10, NG1, NG11, NG3",Nottingham,01156645292,claims@apexlocksmithsp.co.uk,Master Locksmiths Association; Trustmark,5,Yes (8am-10pm),Comprehensive only,4.3,Yes,
HS-1378,Reliable Fire Restoration Solutions,Fire Restoration,"NG10, NG8, NG1, NG11",Nottingham,01418632787,claims@reliablefireres.co.uk,BDMA Member; Trustmark,1,Yes (24/7),Comprehensive only,4.2,Yes,
HS-1379,Crown Fire Restoration Services,Fire Restoration,"NG3, NG2, NG7, NG8, NG6, NG5",Nottingham,01227766301,claims@crownfirerestor.co.uk,BDMA Member; Trustmark,5,Yes (Mon-Sat),"Comprehensive,Landlord",3.9,Yes,
HS-1380,Premier Flood Remediation Group,Flood Remediation,"NG10, NG8, NG5, NG7",Nottingham,01316250447,claims@premierfloodrem.co.uk,Trustmark; PCA Registered,2,Yes (8am-10pm),Comprehensive only,4.0,Yes,
HS-1381,Metro Flood Remediation Services,Flood Remediation,"NG8, NG3, NG7, NG5, NG9",Nottingham,01138535474,claims@metrofloodremed.co.uk,PCA Registered; Trustmark,2,Yes (8am-10pm),All tiers,4.9,Yes,
HS-1382,City Subsidence Specialist Solutions,Subsidence Specialist,"NG5, NG9, NG3, NG7, NG6, NG10",Nottingham,01177416044,claims@citysubsidences.co.uk,RICS Accredited; PCA Registered,1,Yes (24/7),"Standard,Comprehensive,Landlord",4.6,Yes,HomeShield-approved specialist; must be pre-authorised before work commences
HS-1383,Prestige Subsidence Specialist Group,Subsidence Specialist,"NG11, NG7, NG2, NG1",Nottingham,01317642488,claims@prestigesubside.co.uk,RICS Accredited; PCA Registered,1,Yes (Mon-Sat),"Comprehensive,Landlord",3.9,Review pending,HomeShield-approved specialist; must be pre-authorised before work commences
HS-1384,Swift Subsidence Specialist Contractors,Subsidence Specialist,"NG2, NG7, NG8, NG6, NG9, NG11",Nottingham,01131782829,claims@swiftsubsidence.co.uk,Helifix Approved Installer; RICS Accredited,2,Yes (24/7),All tiers,4.2,Yes,HomeShield-approved specialist; must be pre-authorised before work commences
HS-1385,FastFix Environmental (Oil/Contamination) Ltd,Environmental (Oil/Contamination),"NG1, NG7, NG8, NG10",Nottingham,01143299394,claims@fastfixenvironm.co.uk,ISO 14001 Certified; Environment Agency Licensed,1,Yes (24/7),Comprehensive only,4.0,Yes,Environment Agency licensed; required for all oil escape clean-up claims
HS-1386,TrustMark Environmental (Oil/Contamination) Specialists,Environmental (Oil/Contamination),"NG7, NG6, NG9",Nottingham,01179289576,claims@trustmarkenviro.co.uk,ISO 14001 Certified; Environment Agency Licensed,2,Yes (8am-10pm),"Comprehensive,Landlord",4.7,Yes,Environment Agency licensed; required for all oil escape clean-up claims
HS-1387,Metro Environmental (Oil/Contamination) Contractors,Environmental (Oil/Contamination),"NG3, NG5, NG9, NG1, NG2",Nottingham,01219842073,claims@metroenvironmen.co.uk,ISO 14001 Certified; Environment Agency Licensed,3,Yes (Mon-Sat),"Comprehensive,Landlord",5.0,Yes,Environment Agency licensed; required for all oil escape clean-up claims
HS-1388,Shield Scaffolding Solutions,Scaffolding,"NG2, NG5, NG10, NG7",Nottingham,01224424727,claims@shieldscaffoldi.co.uk,Trustmark; FMB Member,2,Yes (Mon-Sat),"Comprehensive,Landlord",4.4,Yes,
