damage_type,peril_category,affected_component,property_size_category,repair_cost_low_gbp,repair_cost_high_gbp,repair_cost_avg_gbp,typical_labour_days,vat_included,recommended_quotes,specialist_required,notes
"Roof tile replacement (partial, up to 20 tiles)",Storm,Roof,1-bed flat/apartment,125,550,337,1,Yes (20% VAT included),1 quote sufficient,No,
"Roof tile replacement (partial, up to 20 tiles)",Storm,Roof,2-bed terraced house,175,700,437,1,Yes (20% VAT included),1 quote sufficient,No,
"Roof tile replacement (partial, up to 20 tiles)",Storm,Roof,3-bed semi-detached house,200,800,500,1,Yes (20% VAT included),1 quote sufficient,No,
"Roof tile replacement (partial, up to 20 tiles)",Storm,Roof,3-bed detached house,225,900,562,1,Yes (20% VAT included),1 quote sufficient,No,
"Roof tile replacement (partial, up to 20 tiles)",Storm,Roof,4-bed detached house,250,1075,662,1,Yes (20% VAT included),1 quote sufficient,No,
"Roof tile replacement (partial, up to 20 tiles)",Storm,Roof,5-bed+ large detached,300,1275,787,1,Yes (20% VAT included),1 quote sufficient,No,
"Roof tile replacement (major, >50 tiles)",Storm,Roof,1-bed flat/apartment,550,2450,1500,3,Yes (20% VAT included),1 quote sufficient,No,Scaffolding may be required
"Roof tile replacement (major, >50 tiles)",Storm,Roof,2-bed terraced house,700,3150,1925,3,Yes (20% VAT included),1 quote sufficient,No,Scaffolding may be required
"Roof tile replacement (major, >50 tiles)",Storm,Roof,3-bed semi-detached house,800,3500,2150,3,Yes (20% VAT included),1 quote sufficient,No,Scaffolding may be required
"Roof tile replacement (major, >50 tiles)",Storm,Roof,3-bed detached house,900,4000,2450,3,Yes (20% VAT included),1 quote sufficient,No,Scaffolding may be required
"Roof tile replacement (major, >50 tiles)",Storm,Roof,4-bed detached house,1075,4725,2900,3,Yes (20% VAT included),2 independent quotes required,No,Scaffolding may be required
"Roof tile replacement (major, >50 tiles)",Storm,Roof,5-bed+ large detached,1275,5600,3437,3,Yes (20% VAT included),2 independent quotes required,No,Scaffolding may be required
"Flat roof repair (felt / EPDM, partial)",Storm,Roof,1-bed flat/apartment,275,1050,662,2,Yes (20% VAT included),1 quote sufficient,No,
"Flat roof repair (felt / EPDM, partial)",Storm,Roof,2-bed terraced house,350,1350,850,2,Yes (20% VAT included),1 quote sufficient,No,
"Flat roof repair (felt / EPDM, partial)",Storm,Roof,3-bed semi-detached house,400,1500,950,2,Yes (20% VAT included),1 quote sufficient,No,
"Flat roof repair (felt / EPDM, partial)",Storm,Roof,3-bed detached house,450,1700,1075,2,Yes (20% VAT included),1 quote sufficient,No,
"Flat roof repair (felt / EPDM, partial)",Storm,Roof,4-bed detached house,525,2025,1275,2,Yes (20% VAT included),1 quote sufficient,No,
"Flat roof repair (felt / EPDM, partial)",Storm,Roof,5-bed+ large detached,625,2400,1512,2,Yes (20% VAT included),1 quote sufficient,No,
"Flat roof replacement (full, up to 30sqm)",Storm,Roof,1-bed flat/apartment,1750,5600,3675,5,Yes (20% VAT included),2 independent quotes required,No,Includes removal of old felt
"Flat roof replacement (full, up to 30sqm)",Storm,Roof,2-bed terraced house,2250,7200,4725,5,Yes (20% VAT included),2 independent quotes required,No,Includes removal of old felt
"Flat roof replacement (full, up to 30sqm)",Storm,Roof,3-bed semi-detached house,2500,8000,5250,5,Yes (20% VAT included),2 independent quotes required,No,Includes removal of old felt
"Flat roof replacement (full, up to 30sqm)",Storm,Roof,3-bed detached house,2875,9200,6037,5,Yes (20% VAT included),2 independent quotes required,No,Includes removal of old felt
"Flat roof replacement (full, up to 30sqm)",Storm,Roof,4-bed detached house,3375,10800,7087,5,Yes (20% VAT included),2 independent quotes required,No,Includes removal of old felt
"Flat roof replacement (full, up to 30sqm)",Storm,Roof,5-bed+ large detached,4000,12800,8400,5,Yes (20% VAT included),2 independent quotes required,No,Includes removal of old felt
Ridge tile repoint or replace,Storm,Roof,1-bed flat/apartment,125,400,262,1,Yes (20% VAT included),1 quote sufficient,No,
Ridge tile repoint or replace,Storm,Roof,2-bed terraced house,175,525,350,1,Yes (20% VAT included),1 quote sufficient,No,
Ridge tile repoint or replace,Storm,Roof,3-bed semi-detached house,200,600,400,1,Yes (20% VAT included),1 quote sufficient,No,
Ridge tile repoint or replace,Storm,Roof,3-bed detached house,225,675,450,1,Yes (20% VAT included),1 quote sufficient,No,
Ridge tile repoint or replace,Storm,Roof,4-bed detached house,250,800,525,1,Yes (20% VAT included),1 quote sufficient,No,
Ridge tile repoint or replace,Storm,Roof,5-bed+ large detached,300,950,625,1,Yes (20% VAT included),1 quote sufficient,No,
Chimney stack repair (repoint),Storm,Chimney,1-bed flat/apartment,200,625,412,2,Yes (20% VAT included),1 quote sufficient,No,"Scaffold cost may add £500–1,500"
Chimney stack repair (repoint),Storm,Chimney,2-bed terraced house,250,800,525,2,Yes (20% VAT included),1 quote sufficient,No,"Scaffold cost may add £500–1,500"
Chimney stack repair (repoint),Storm,Chimney,3-bed semi-detached house,300,900,600,2,Yes (20% VAT included),1 quote sufficient,No,"Scaffold cost may add £500–1,500"
Chimney stack repair (repoint),Storm,Chimney,3-bed detached house,325,1025,675,2,Yes (20% VAT included),1 quote sufficient,No,"Scaffold cost may add £500–1,500"
Chimney stack repair (repoint),Storm,Chimney,4-bed detached house,400,1200,800,2,Yes (20% VAT included),1 quote sufficient,No,"Scaffold cost may add £500–1,500"
Chimney stack repair (repoint),Storm,Chimney,5-bed+ large detached,475,1425,950,2,Yes (20% VAT included),1 quote sufficient,No,"Scaffold cost may add £500–1,500"
Chimney stack rebuild (partial),Storm,Chimney,1-bed flat/apartment,1050,3500,2275,5,Yes (20% VAT included),1 quote sufficient,No,
Chimney stack rebuild (partial),Storm,Chimney,2-bed terraced house,1350,4500,2925,5,Yes (20% VAT included),2 independent quotes required,No,
Chimney stack rebuild (partial),Storm,Chimney,3-bed semi-detached house,1500,5000,3250,5,Yes (20% VAT included),2 independent quotes required,No,
Chimney stack rebuild (partial),Storm,Chimney,3-bed detached house,1700,5750,3725,5,Yes (20% VAT included),2 independent quotes required,No,
Chimney stack rebuild (partial),Storm,Chimney,4-bed detached house,2025,6750,4387,5,Yes (20% VAT included),2 independent quotes required,No,
Chimney stack rebuild (partial),Storm,Chimney,5-bed+ large detached,2400,8000,5200,5,Yes (20% VAT included),2 independent quotes required,No,
Fascia and soffit replacement (full house),Storm,Exterior,1-bed flat/apartment,550,2100,1325,3,Yes (20% VAT included),1 quote sufficient,No,uPVC standard
Fascia and soffit replacement (full house),Storm,Exterior,2-bed terraced house,700,2700,1700,3,Yes (20% VAT included),1 quote sufficient,No,uPVC standard
Fascia and soffit replacement (full house),Storm,Exterior,3-bed semi-detached house,800,3000,1900,3,Yes (20% VAT included),1 quote sufficient,No,uPVC standard
Fascia and soffit replacement (full house),Storm,Exterior,3-bed detached house,900,3425,2162,3,Yes (20% VAT included),1 quote sufficient,No,uPVC standard
Fascia and soffit replacement (full house),Storm,Exterior,4-bed detached house,1075,4050,2562,3,Yes (20% VAT included),2 independent quotes required,No,uPVC standard
Fascia and soffit replacement (full house),Storm,Exterior,5-bed+ large detached,1275,4800,3037,3,Yes (20% VAT included),2 independent quotes required,No,uPVC standard
Guttering replacement (full house),Storm,Exterior,1-bed flat/apartment,275,1050,662,2,Yes (20% VAT included),1 quote sufficient,No,
Guttering replacement (full house),Storm,Exterior,2-bed terraced house,350,1350,850,2,Yes (20% VAT included),1 quote sufficient,No,
Guttering replacement (full house),Storm,Exterior,3-bed semi-detached house,400,1500,950,2,Yes (20% VAT included),1 quote sufficient,No,
Guttering replacement (full house),Storm,Exterior,3-bed detached house,450,1700,1075,2,Yes (20% VAT included),1 quote sufficient,No,
Guttering replacement (full house),Storm,Exterior,4-bed detached house,525,2025,1275,2,Yes (20% VAT included),1 quote sufficient,No,
Guttering replacement (full house),Storm,Exterior,5-bed+ large detached,625,2400,1512,2,Yes (20% VAT included),1 quote sufficient,No,
"Fallen tree removal (small, <6m)",Storm,Garden/Exterior,1-bed flat/apartment,200,625,412,1,Yes (20% VAT included),1 quote sufficient,No,
"Fallen tree removal (small, <6m)",Storm,Garden/Exterior,2-bed terraced house,250,800,525,1,Yes (20% VAT included),1 quote sufficient,No,
"Fallen tree removal (small, <6m)",Storm,Garden/Exterior,3-bed semi-detached house,300,900,600,1,Yes (20% VAT included),1 quote sufficient,No,
"Fallen tree removal (small, <6m)",Storm,Garden/Exterior,3-bed detached house,325,1025,675,1,Yes (20% VAT included),1 quote sufficient,No,
"Fallen tree removal (small, <6m)",Storm,Garden/Exterior,4-bed detached house,400,1200,800,1,Yes (20% VAT included),1 quote sufficient,No,
"Fallen tree removal (small, <6m)",Storm,Garden/Exterior,5-bed+ large detached,475,1425,950,1,Yes (20% VAT included),1 quote sufficient,No,
"Fallen tree removal (large, >10m)",Storm,Garden/Exterior,1-bed flat/apartment,550,2100,1325,2,Yes (20% VAT included),1 quote sufficient,No,Specialist arborist required
"Fallen tree removal (large, >10m)",Storm,Garden/Exterior,2-bed terraced house,700,2700,1700,2,Yes (20% VAT included),1 quote sufficient,No,Specialist arborist required
"Fallen tree removal (large, >10m)",Storm,Garden/Exterior,3-bed semi-detached house,800,3000,1900,2,Yes (20% VAT included),1 quote sufficient,No,Specialist arborist required
"Fallen tree removal (large, >10m)",Storm,Garden/Exterior,3-bed detached house,900,3425,2162,2,Yes (20% VAT included),1 quote sufficient,No,Specialist arborist required
"Fallen tree removal (large, >10m)",Storm,Garden/Exterior,4-bed detached house,1075,4050,2562,2,Yes (20% VAT included),2 independent quotes required,No,Specialist arborist required
"Fallen tree removal (large, >10m)",Storm,Garden/Exterior,5-bed+ large detached,1275,4800,3037,2,Yes (20% VAT included),2 independent quotes required,No,Specialist arborist required
Fallen tree damage repair to roof,Storm,Roof,1-bed flat/apartment,1050,5600,3325,5,Yes (20% VAT included),2 independent quotes required,No,Cost depends on extent of structural damage
Fallen tree damage repair to roof,Storm,Roof,2-bed terraced house,1350,7200,4275,5,Yes (20% VAT included),2 independent quotes required,No,Cost depends on extent of structural damage
Fallen tree damage repair to roof,Storm,Roof,3-bed semi-detached house,1500,8000,4750,5,Yes (20% VAT included),2 independent quotes required,No,Cost depends on extent of structural damage
Fallen tree damage repair to roof,Storm,Roof,3-bed detached house,1700,9200,5450,5,Yes (20% VAT included),2 independent quotes required,No,Cost depends on extent of structural damage
Fallen tree damage repair to roof,Storm,Roof,4-bed detached house,2025,10800,6412,5,Yes (20% VAT included),2 independent quotes required,No,Cost depends on extent of structural damage
Fallen tree damage repair to roof,Storm,Roof,5-bed+ large detached,2400,12800,7600,5,Yes (20% VAT included),2 independent quotes required,No,Cost depends on extent of structural damage
External wall render repair (partial),Storm,Exterior,1-bed flat/apartment,275,1050,662,3,Yes (20% VAT included),1 quote sufficient,No,
External wall render repair (partial),Storm,Exterior,2-bed terraced house,350,1350,850,3,Yes (20% VAT included),1 quote sufficient,No,
External wall render repair (partial),Storm,Exterior,3-bed semi-detached house,400,1500,950,3,Yes (20% VAT included),1 quote sufficient,No,
External wall render repair (partial),Storm,Exterior,3-bed detached house,450,1700,1075,3,Yes (20% VAT included),1 quote sufficient,No,
External wall render repair (partial),Storm,Exterior,4-bed detached house,525,2025,1275,3,Yes (20% VAT included),1 quote sufficient,No,
External wall render repair (partial),Storm,Exterior,5-bed+ large detached,625,2400,1512,3,Yes (20% VAT included),1 quote sufficient,No,
External wall render (full house),Storm,Exterior,1-bed flat/apartment,2100,8400,5250,10,Yes (20% VAT included),2 independent quotes required,No,
External wall render (full house),Storm,Exterior,2-bed terraced house,2700,10800,6750,10,Yes (20% VAT included),2 independent quotes required,No,
External wall render (full house),Storm,Exterior,3-bed semi-detached house,3000,12000,7500,10,Yes (20% VAT included),2 independent quotes required,No,
External wall render (full house),Storm,Exterior,3-bed detached house,3425,13775,8600,10,Yes (20% VAT included),2 independent quotes required,No,
External wall render (full house),Storm,Exterior,4-bed detached house,4050,16200,10125,10,Yes (20% VAT included),2 independent quotes required,No,
External wall render (full house),Storm,Exterior,5-bed+ large detached,4800,19200,12000,10,Yes (20% VAT included),2 independent quotes required,No,
"Window replacement (standard double-glazed, single unit)",Storm,Windows,1-bed flat/apartment,275,825,550,1,Yes (20% VAT included),1 quote sufficient,No,
"Window replacement (standard double-glazed, single unit)",Storm,Windows,2-bed terraced house,350,1075,712,1,Yes (20% VAT included),1 quote sufficient,No,
"Window replacement (standard double-glazed, single unit)",Storm,Windows,3-bed semi-detached house,400,1200,800,1,Yes (20% VAT included),1 quote sufficient,No,
"Window replacement (standard double-glazed, single unit)",Storm,Windows,3-bed detached house,450,1375,912,1,Yes (20% VAT included),1 quote sufficient,No,
"Window replacement (standard double-glazed, single unit)",Storm,Windows,4-bed detached house,525,1600,1062,1,Yes (20% VAT included),1 quote sufficient,No,
"Window replacement (standard double-glazed, single unit)",Storm,Windows,5-bed+ large detached,625,1900,1262,1,Yes (20% VAT included),1 quote sufficient,No,
"Window replacement (bay window, double-glazed)",Storm,Windows,1-bed flat/apartment,825,2800,1812,2,Yes (20% VAT included),1 quote sufficient,No,
"Window replacement (bay window, double-glazed)",Storm,Windows,2-bed terraced house,1075,3600,2337,2,Yes (20% VAT included),1 quote sufficient,No,
"Window replacement (bay window, double-glazed)",Storm,Windows,3-bed semi-detached house,1200,4000,2600,2,Yes (20% VAT included),2 independent quotes required,No,
"Window replacement (bay window, double-glazed)",Storm,Windows,3-bed detached house,1375,4600,2987,2,Yes (20% VAT included),2 independent quotes required,No,
"Window replacement (bay window, double-glazed)",Storm,Windows,4-bed detached house,1600,5400,3500,2,Yes (20% VAT included),2 independent quotes required,No,
"Window replacement (bay window, double-glazed)",Storm,Windows,5-bed+ large detached,1900,6400,4150,2,Yes (20% VAT included),2 independent quotes required,No,
External door replacement (standard UPVC),Storm,Doors,1-bed flat/apartment,400,1400,900,1,Yes (20% VAT included),1 quote sufficient,No,
External door replacement (standard UPVC),Storm,Doors,2-bed terraced house,525,1800,1162,1,Yes (20% VAT included),1 quote sufficient,No,
External door replacement (standard UPVC),Storm,Doors,3-bed semi-detached house,600,2000,1300,1,Yes (20% VAT included),1 quote sufficient,No,
External door replacement (standard UPVC),Storm,Doors,3-bed detached house,675,2300,1487,1,Yes (20% VAT included),1 quote sufficient,No,
External door replacement (standard UPVC),Storm,Doors,4-bed detached house,800,2700,1750,1,Yes (20% VAT included),1 quote sufficient,No,
External door replacement (standard UPVC),Storm,Doors,5-bed+ large detached,950,3200,2075,1,Yes (20% VAT included),1 quote sufficient,No,
External door replacement (composite),Storm,Doors,1-bed flat/apartment,625,1950,1287,1,Yes (20% VAT included),1 quote sufficient,No,
External door replacement (composite),Storm,Doors,2-bed terraced house,800,2500,1650,1,Yes (20% VAT included),1 quote sufficient,No,
External door replacement (composite),Storm,Doors,3-bed semi-detached house,900,2800,1850,1,Yes (20% VAT included),1 quote sufficient,No,
External door replacement (composite),Storm,Doors,3-bed detached house,1025,3200,2112,1,Yes (20% VAT included),1 quote sufficient,No,
External door replacement (composite),Storm,Doors,4-bed detached house,1200,3775,2487,1,Yes (20% VAT included),1 quote sufficient,No,
External door replacement (composite),Storm,Doors,5-bed+ large detached,1425,4475,2950,1,Yes (20% VAT included),2 independent quotes required,No,
Fence repair / replacement (per 3m panel),Storm,Garden,1-bed flat/apartment,100,350,225,0.5,Yes (20% VAT included),1 quote sufficient,No,Fences excluded from storm cover under all tiers
Fence repair / replacement (per 3m panel),Storm,Garden,2-bed terraced house,125,450,287,0.5,Yes (20% VAT included),1 quote sufficient,No,Fences excluded from storm cover under all tiers
Fence repair / replacement (per 3m panel),Storm,Garden,3-bed semi-detached house,150,500,325,0.5,Yes (20% VAT included),1 quote sufficient,No,Fences excluded from storm cover under all tiers
Fence repair / replacement (per 3m panel),Storm,Garden,3-bed detached house,150,575,362,0.5,Yes (20% VAT included),1 quote sufficient,No,Fences excluded from storm cover under all tiers
Fence repair / replacement (per 3m panel),Storm,Garden,4-bed detached house,200,675,437,0.5,Yes (20% VAT included),1 quote sufficient,No,Fences excluded from storm cover under all tiers
Fence repair / replacement (per 3m panel),Storm,Garden,5-bed+ large detached,225,800,512,0.5,Yes (20% VAT included),1 quote sufficient,No,Fences excluded from storm cover under all tiers
Boundary wall repair (per 3m section),Storm,Garden,1-bed flat/apartment,275,1050,662,2,Yes (20% VAT included),1 quote sufficient,No,Structural walls within boundary are covered
Boundary wall repair (per 3m section),Storm,Garden,2-bed terraced house,350,1350,850,2,Yes (20% VAT included),1 quote sufficient,No,Structural walls within boundary are covered
Boundary wall repair (per 3m section),Storm,Garden,3-bed semi-detached house,400,1500,950,2,Yes (20% VAT included),1 quote sufficient,No,Structural walls within boundary are covered
Boundary wall repair (per 3m section),Storm,Garden,3-bed detached house,450,1700,1075,2,Yes (20% VAT included),1 quote sufficient,No,Structural walls within boundary are covered
Boundary wall repair (per 3m section),Storm,Garden,4-bed detached house,525,2025,1275,2,Yes (20% VAT included),1 quote sufficient,No,Structural walls within boundary are covered
Boundary wall repair (per 3m section),Storm,Garden,5-bed+ large detached,625,2400,1512,2,Yes (20% VAT included),1 quote sufficient,No,Structural walls within boundary are covered
"Burst pipe repair (trace and access, single leak)",Water,Plumbing,1-bed flat/apartment,200,1050,625,1,Yes (20% VAT included),1 quote sufficient,No,"Includes trace, access, and making good"
"Burst pipe repair (trace and access, single leak)",Water,Plumbing,2-bed terraced house,250,1350,800,1,Yes (20% VAT included),1 quote sufficient,No,"Includes trace, access, and making good"
"Burst pipe repair (trace and access, single leak)",Water,Plumbing,3-bed semi-detached house,300,1500,900,1,Yes (20% VAT included),1 quote sufficient,No,"Includes trace, access, and making good"
"Burst pipe repair (trace and access, single leak)",Water,Plumbing,3-bed detached house,325,1700,1012,1,Yes (20% VAT included),1 quote sufficient,No,"Includes trace, access, and making good"
"Burst pipe repair (trace and access, single leak)",Water,Plumbing,4-bed detached house,400,2025,1212,1,Yes (20% VAT included),1 quote sufficient,No,"Includes trace, access, and making good"
"Burst pipe repair (trace and access, single leak)",Water,Plumbing,5-bed+ large detached,475,2400,1437,1,Yes (20% VAT included),1 quote sufficient,No,"Includes trace, access, and making good"
Burst pipe — internal ceiling/wall damage (small room),Water,Interior,1-bed flat/apartment,350,1750,1050,3,Yes (20% VAT included),1 quote sufficient,No,Replastering and redecoration included
Burst pipe — internal ceiling/wall damage (small room),Water,Interior,2-bed terraced house,450,2250,1350,3,Yes (20% VAT included),1 quote sufficient,No,Replastering and redecoration included
Burst pipe — internal ceiling/wall damage (small room),Water,Interior,3-bed semi-detached house,500,2500,1500,3,Yes (20% VAT included),1 quote sufficient,No,Replastering and redecoration included
Burst pipe — internal ceiling/wall damage (small room),Water,Interior,3-bed detached house,575,2875,1725,3,Yes (20% VAT included),1 quote sufficient,No,Replastering and redecoration included
Burst pipe — internal ceiling/wall damage (small room),Water,Interior,4-bed detached house,675,3375,2025,3,Yes (20% VAT included),1 quote sufficient,No,Replastering and redecoration included
Burst pipe — internal ceiling/wall damage (small room),Water,Interior,5-bed+ large detached,800,4000,2400,3,Yes (20% VAT included),1 quote sufficient,No,Replastering and redecoration included
Burst pipe — internal ceiling/wall damage (multiple rooms),Water,Interior,1-bed flat/apartment,1750,8400,5075,10,Yes (20% VAT included),2 independent quotes required,No,Structural drying required
Burst pipe — internal ceiling/wall damage (multiple rooms),Water,Interior,2-bed terraced house,2250,10800,6525,10,Yes (20% VAT included),2 independent quotes required,No,Structural drying required
Burst pipe — internal ceiling/wall damage (multiple rooms),Water,Interior,3-bed semi-detached house,2500,12000,7250,10,Yes (20% VAT included),2 independent quotes required,No,Structural drying required
Burst pipe — internal ceiling/wall damage (multiple rooms),Water,Interior,3-bed detached house,2875,13775,8325,10,Yes (20% VAT included),2 independent quotes required,No,Structural drying required
Burst pipe — internal ceiling/wall damage (multiple rooms),Water,Interior,4-bed detached house,3375,16200,9787,10,Yes (20% VAT included),2 independent quotes required,No,Structural drying required
Burst pipe — internal ceiling/wall damage (multiple rooms),Water,Interior,5-bed+ large detached,4000,19200,11600,10,Yes (20% VAT included),2 independent quotes required,No,Structural drying required
"Water damage — floor replacement (laminate, per room)",Water,Flooring,1-bed flat/apartment,275,1400,837,2,Yes (20% VAT included),1 quote sufficient,No,
"Water damage — floor replacement (laminate, per room)",Water,Flooring,2-bed terraced house,350,1800,1075,2,Yes (20% VAT included),1 quote sufficient,No,
"Water damage — floor replacement (laminate, per room)",Water,Flooring,3-bed semi-detached house,400,2000,1200,2,Yes (20% VAT included),1 quote sufficient,No,
"Water damage — floor replacement (laminate, per room)",Water,Flooring,3-bed detached house,450,2300,1375,2,Yes (20% VAT included),1 quote sufficient,No,
"Water damage — floor replacement (laminate, per room)",Water,Flooring,4-bed detached house,525,2700,1612,2,Yes (20% VAT included),1 quote sufficient,No,
"Water damage — floor replacement (laminate, per room)",Water,Flooring,5-bed+ large detached,625,3200,1912,2,Yes (20% VAT included),1 quote sufficient,No,
"Water damage — floor replacement (hardwood, per room)",Water,Flooring,1-bed flat/apartment,1050,4200,2625,3,Yes (20% VAT included),2 independent quotes required,No,
"Water damage — floor replacement (hardwood, per room)",Water,Flooring,2-bed terraced house,1350,5400,3375,3,Yes (20% VAT included),2 independent quotes required,No,
"Water damage — floor replacement (hardwood, per room)",Water,Flooring,3-bed semi-detached house,1500,6000,3750,3,Yes (20% VAT included),2 independent quotes required,No,
"Water damage — floor replacement (hardwood, per room)",Water,Flooring,3-bed detached house,1700,6875,4287,3,Yes (20% VAT included),2 independent quotes required,No,
"Water damage — floor replacement (hardwood, per room)",Water,Flooring,4-bed detached house,2025,8100,5062,3,Yes (20% VAT included),2 independent quotes required,No,
"Water damage — floor replacement (hardwood, per room)",Water,Flooring,5-bed+ large detached,2400,9600,6000,3,Yes (20% VAT included),2 independent quotes required,No,
Water damage — carpet replacement (per room),Water,Flooring,1-bed flat/apartment,125,825,475,1,Yes (20% VAT included),1 quote sufficient,No,
Water damage — carpet replacement (per room),Water,Flooring,2-bed terraced house,175,1075,625,1,Yes (20% VAT included),1 quote sufficient,No,
Water damage — carpet replacement (per room),Water,Flooring,3-bed semi-detached house,200,1200,700,1,Yes (20% VAT included),1 quote sufficient,No,
Water damage — carpet replacement (per room),Water,Flooring,3-bed detached house,225,1375,800,1,Yes (20% VAT included),1 quote sufficient,No,
Water damage — carpet replacement (per room),Water,Flooring,4-bed detached house,250,1600,925,1,Yes (20% VAT included),1 quote sufficient,No,
Water damage — carpet replacement (per room),Water,Flooring,5-bed+ large detached,300,1900,1100,1,Yes (20% VAT included),1 quote sufficient,No,
Water damage — kitchen unit replacement (full kitchen),Water,Kitchen,1-bed flat/apartment,2100,10500,6300,7,Yes (20% VAT included),2 independent quotes required,No,
Water damage — kitchen unit replacement (full kitchen),Water,Kitchen,2-bed terraced house,2700,13500,8100,7,Yes (20% VAT included),2 independent quotes required,No,
Water damage — kitchen unit replacement (full kitchen),Water,Kitchen,3-bed semi-detached house,3000,15000,9000,7,Yes (20% VAT included),2 independent quotes required,No,
Water damage — kitchen unit replacement (full kitchen),Water,Kitchen,3-bed detached house,3425,17250,10337,7,Yes (20% VAT included),2 independent quotes required,No,
Water damage — kitchen unit replacement (full kitchen),Water,Kitchen,4-bed detached house,4050,20250,12150,7,Yes (20% VAT included),2 independent quotes required,No,
Water damage — kitchen unit replacement (full kitchen),Water,Kitchen,5-bed+ large detached,4800,24000,14400,7,Yes (20% VAT included),2 independent quotes required,No,
Water damage — bathroom suite replacement,Water,Bathroom,1-bed flat/apartment,1050,4200,2625,5,Yes (20% VAT included),2 independent quotes required,No,
Water damage — bathroom suite replacement,Water,Bathroom,2-bed terraced house,1350,5400,3375,5,Yes (20% VAT included),2 independent quotes required,No,
Water damage — bathroom suite replacement,Water,Bathroom,3-bed semi-detached house,1500,6000,3750,5,Yes (20% VAT included),2 independent quotes required,No,
Water damage — bathroom suite replacement,Water,Bathroom,3-bed detached house,1700,6875,4287,5,Yes (20% VAT included),2 independent quotes required,No,
Water damage — bathroom suite replacement,Water,Bathroom,4-bed detached house,2025,8100,5062,5,Yes (20% VAT included),2 independent quotes required,No,
Water damage — bathroom suite replacement,Water,Bathroom,5-bed+ large detached,2400,9600,6000,5,Yes (20% VAT included),2 independent quotes required,No,
Escape of oil — internal clean-up (small area),Water,Contamination,1-bed flat/apartment,550,2100,1325,3,Yes (20% VAT included),1 quote sufficient,Yes,Environmental clean-up; specialist required
Escape of oil — internal clean-up (small area),Water,Contamination,2-bed terraced house,700,2700,1700,3,Yes (20% VAT included),1 quote sufficient,Yes,Environmental clean-up; specialist required
Escape of oil — internal clean-up (small area),Water,Contamination,3-bed semi-detached house,800,3000,1900,3,Yes (20% VAT included),1 quote sufficient,Yes,Environmental clean-up; specialist required
Escape of oil — internal clean-up (small area),Water,Contamination,3-bed detached house,900,3425,2162,3,Yes (20% VAT included),1 quote sufficient,Yes,Environmental clean-up; specialist required
Escape of oil — internal clean-up (small area),Water,Contamination,4-bed detached house,1075,4050,2562,3,Yes (20% VAT included),2 independent quotes required,Yes,Environmental clean-up; specialist required
Escape of oil — internal clean-up (small area),Water,Contamination,5-bed+ large detached,1275,4800,3037,3,Yes (20% VAT included),2 independent quotes required,Yes,Environmental clean-up; specialist required
Escape of oil — full property clean-up,Water,Contamination,1-bed flat/apartment,2100,10500,6300,15,Yes (20% VAT included),2 independent quotes required,Yes,Environmental specialist required; may require rehousing
Escape of oil — full property clean-up,Water,Contamination,2-bed terraced house,2700,13500,8100,15,Yes (20% VAT included),2 independent quotes required,Yes,Environmental specialist required; may require rehousing
Escape of oil — full property clean-up,Water,Contamination,3-bed semi-detached house,3000,15000,9000,15,Yes (20% VAT included),2 independent quotes required,Yes,Environmental specialist required; may require rehousing
Escape of oil — full property clean-up,Water,Contamination,3-bed detached house,3425,17250,10337,15,Yes (20% VAT included),2 independent quotes required,Yes,Environmental specialist required; may require rehousing
Escape of oil — full property clean-up,Water,Contamination,4-bed detached house,4050,20250,12150,15,Yes (20% VAT included),2 independent quotes required,Yes,Environmental specialist required; may require rehousing
Escape of oil — full property clean-up,Water,Contamination,5-bed+ large detached,4800,24000,14400,15,Yes (20% VAT included),2 independent quotes required,Yes,Environmental specialist required; may require rehousing
Fire damage — single room (redecorating only),Fire,Interior,1-bed flat/apartment,550,2800,1675,5,Yes (20% VAT included),1 quote sufficient,No,
Fire damage — single room (redecorating only),Fire,Interior,2-bed terraced house,700,3600,2150,5,Yes (20% VAT included),1 quote sufficient,No,
Fire damage — single room (redecorating only),Fire,Interior,3-bed semi-detached house,800,4000,2400,5,Yes (20% VAT included),1 quote sufficient,No,
Fire damage — single room (redecorating only),Fire,Interior,3-bed detached house,900,4600,2750,5,Yes (20% VAT included),2 independent quotes required,No,
Fire damage — single room (redecorating only),Fire,Interior,4-bed detached house,1075,5400,3237,5,Yes (20% VAT included),2 independent quotes required,No,
Fire damage — single room (redecorating only),Fire,Interior,5-bed+ large detached,1275,6400,3837,5,Yes (20% VAT included),2 independent quotes required,No,
"Fire damage — kitchen (rebuild, units, appliances)",Fire,Kitchen,1-bed flat/apartment,5600,24500,15050,20,Yes (20% VAT included),2 independent quotes required,No,
"Fire damage — kitchen (rebuild, units, appliances)",Fire,Kitchen,2-bed terraced house,7200,31500,19350,20,Yes (20% VAT included),2 independent quotes required,No,
"Fire damage — kitchen (rebuild, units, appliances)",Fire,Kitchen,3-bed semi-detached house,8000,35000,21500,20,Yes (20% VAT included),2 independent quotes required,No,
"Fire damage — kitchen (rebuild, units, appliances)",Fire,Kitchen,3-bed detached house,9200,40250,24725,20,Yes (20% VAT included),2 independent quotes required,No,
"Fire damage — kitchen (rebuild, units, appliances)",Fire,Kitchen,4-bed detached house,10800,47250,29025,20,Yes (20% VAT included),2 independent quotes required,No,
"Fire damage — kitchen (rebuild, units, appliances)",Fire,Kitchen,5-bed+ large detached,12800,56000,34400,20,Yes (20% VAT included),2 independent quotes required,No,
Fire damage — whole floor (rebuild and redecoration),Fire,Structural,1-bed flat/apartment,14000,56000,35000,60,Yes (20% VAT included),2 independent quotes required,Yes,Major structural work; alternative accommodation likely needed
Fire damage — whole floor (rebuild and redecoration),Fire,Structural,2-bed terraced house,18000,72000,45000,60,Yes (20% VAT included),2 independent quotes required,Yes,Major structural work; alternative accommodation likely needed
Fire damage — whole floor (rebuild and redecoration),Fire,Structural,3-bed semi-detached house,20000,80000,50000,60,Yes (20% VAT included),2 independent quotes required,Yes,Major structural work; alternative accommodation likely needed
Fire damage — whole floor (rebuild and redecoration),Fire,Structural,3-bed detached house,23000,92000,57500,60,Yes (20% VAT included),2 independent quotes required,Yes,Major structural work; alternative accommodation likely needed
Fire damage — whole floor (rebuild and redecoration),Fire,Structural,4-bed detached house,27000,108000,67500,60,Yes (20% VAT included),2 independent quotes required,Yes,Major structural work; alternative accommodation likely needed
Fire damage — whole floor (rebuild and redecoration),Fire,Structural,5-bed+ large detached,32000,128000,80000,60,Yes (20% VAT included),2 independent quotes required,Yes,Major structural work; alternative accommodation likely needed
Smoke damage — redecoration (single room),Fire,Interior,1-bed flat/apartment,350,1400,875,3,Yes (20% VAT included),1 quote sufficient,No,Specialist smoke neutralisation required
Smoke damage — redecoration (single room),Fire,Interior,2-bed terraced house,450,1800,1125,3,Yes (20% VAT included),1 quote sufficient,No,Specialist smoke neutralisation required
Smoke damage — redecoration (single room),Fire,Interior,3-bed semi-detached house,500,2000,1250,3,Yes (20% VAT included),1 quote sufficient,No,Specialist smoke neutralisation required
Smoke damage — redecoration (single room),Fire,Interior,3-bed detached house,575,2300,1437,3,Yes (20% VAT included),1 quote sufficient,No,Specialist smoke neutralisation required
Smoke damage — redecoration (single room),Fire,Interior,4-bed detached house,675,2700,1687,3,Yes (20% VAT included),1 quote sufficient,No,Specialist smoke neutralisation required
Smoke damage — redecoration (single room),Fire,Interior,5-bed+ large detached,800,3200,2000,3,Yes (20% VAT included),1 quote sufficient,No,Specialist smoke neutralisation required
Smoke damage — full property redecoration,Fire,Interior,1-bed flat/apartment,2100,10500,6300,15,Yes (20% VAT included),2 independent quotes required,No,
Smoke damage — full property redecoration,Fire,Interior,2-bed terraced house,2700,13500,8100,15,Yes (20% VAT included),2 independent quotes required,No,
Smoke damage — full property redecoration,Fire,Interior,3-bed semi-detached house,3000,15000,9000,15,Yes (20% VAT included),2 independent quotes required,No,
Smoke damage — full property redecoration,Fire,Interior,3-bed detached house,3425,17250,10337,15,Yes (20% VAT included),2 independent quotes required,No,
Smoke damage — full property redecoration,Fire,Interior,4-bed detached house,4050,20250,12150,15,Yes (20% VAT included),2 independent quotes required,No,
Smoke damage — full property redecoration,Fire,Interior,5-bed+ large detached,4800,24000,14400,15,Yes (20% VAT included),2 independent quotes required,No,
Subsidence — crack injection (cosmetic repair only),Subsidence,Foundation,1-bed flat/apartment,350,1400,875,2,Yes (20% VAT included),1 quote sufficient,Yes,Not approved until monitoring complete
Subsidence — crack injection (cosmetic repair only),Subsidence,Foundation,2-bed terraced house,450,1800,1125,2,Yes (20% VAT included),1 quote sufficient,Yes,Not approved until monitoring complete
Subsidence — crack injection (cosmetic repair only),Subsidence,Foundation,3-bed semi-detached house,500,2000,1250,2,Yes (20% VAT included),1 quote sufficient,Yes,Not approved until monitoring complete
Subsidence — crack injection (cosmetic repair only),Subsidence,Foundation,3-bed detached house,575,2300,1437,2,Yes (20% VAT included),1 quote sufficient,Yes,Not approved until monitoring complete
Subsidence — crack injection (cosmetic repair only),Subsidence,Foundation,4-bed detached house,675,2700,1687,2,Yes (20% VAT included),1 quote sufficient,Yes,Not approved until monitoring complete
Subsidence — crack injection (cosmetic repair only),Subsidence,Foundation,5-bed+ large detached,800,3200,2000,2,Yes (20% VAT included),1 quote sufficient,Yes,Not approved until monitoring complete
Subsidence — underpinning (per linear metre),Subsidence,Foundation,1-bed flat/apartment,1050,3150,2100,4,Yes (20% VAT included),1 quote sufficient,Yes,Mass concrete underpinning; specialist contractor
Subsidence — underpinning (per linear metre),Subsidence,Foundation,2-bed terraced house,1350,4050,2700,4,Yes (20% VAT included),2 independent quotes required,Yes,Mass concrete underpinning; specialist contractor
Subsidence — underpinning (per linear metre),Subsidence,Foundation,3-bed semi-detached house,1500,4500,3000,4,Yes (20% VAT included),2 independent quotes required,Yes,Mass concrete underpinning; specialist contractor
Subsidence — underpinning (per linear metre),Subsidence,Foundation,3-bed detached house,1700,5175,3437,4,Yes (20% VAT included),2 independent quotes required,Yes,Mass concrete underpinning; specialist contractor
Subsidence — underpinning (per linear metre),Subsidence,Foundation,4-bed detached house,2025,6075,4050,4,Yes (20% VAT included),2 independent quotes required,Yes,Mass concrete underpinning; specialist contractor
Subsidence — underpinning (per linear metre),Subsidence,Foundation,5-bed+ large detached,2400,7200,4800,4,Yes (20% VAT included),2 independent quotes required,Yes,Mass concrete underpinning; specialist contractor
"Subsidence — underpinning (full property, 3-bed semi)",Subsidence,Foundation,1-bed flat/apartment,17500,56000,36750,60,Yes (20% VAT included),2 independent quotes required,Yes,Major project; alternative accommodation required
"Subsidence — underpinning (full property, 3-bed semi)",Subsidence,Foundation,2-bed terraced house,22500,72000,47250,60,Yes (20% VAT included),2 independent quotes required,Yes,Major project; alternative accommodation required
"Subsidence — underpinning (full property, 3-bed semi)",Subsidence,Foundation,3-bed semi-detached house,25000,80000,52500,60,Yes (20% VAT included),2 independent quotes required,Yes,Major project; alternative accommodation required
"Subsidence — underpinning (full property, 3-bed semi)",Subsidence,Foundation,3-bed detached house,28725,92000,60362,60,Yes (20% VAT included),2 independent quotes required,Yes,Major project; alternative accommodation required
"Subsidence — underpinning (full property, 3-bed semi)",Subsidence,Foundation,4-bed detached house,33750,108000,70875,60,Yes (20% VAT included),2 independent quotes required,Yes,Major project; alternative accommodation required
"Subsidence — underpinning (full property, 3-bed semi)",Subsidence,Foundation,5-bed+ large detached,40000,128000,84000,60,Yes (20% VAT included),2 independent quotes required,Yes,Major project; alternative accommodation required
Flood damage — ground floor redecoration,Flood,Interior,1-bed flat/apartment,1400,5600,3500,10,Yes (20% VAT included),2 independent quotes required,Yes,
Flood damage — ground floor redecoration,Flood,Interior,2-bed terraced house,1800,7200,4500,10,Yes (20% VAT included),2 independent quotes required,Yes,
Flood damage — ground floor redecoration,Flood,Interior,3-bed semi-detached house,2000,8000,5000,10,Yes (20% VAT included),2 independent quotes required,Yes,
Flood damage — ground floor redecoration,Flood,Interior,3-bed detached house,2300,9200,5750,10,Yes (20% VAT included),2 independent quotes required,Yes,
Flood damage — ground floor redecoration,Flood,Interior,4-bed detached house,2700,10800,6750,10,Yes (20% VAT included),2 independent quotes required,Yes,
Flood damage — ground floor redecoration,Flood,Interior,5-bed+ large detached,3200,12800,8000,10,Yes (20% VAT included),2 independent quotes required,Yes,
Flood damage — full property strip out and reinstatement,Flood,Structural,1-bed flat/apartment,10500,42000,26250,90,Yes (20% VAT included),2 independent quotes required,Yes,Drying period 6–12 months; alternative accommodation
Flood damage — full property strip out and reinstatement,Flood,Structural,2-bed terraced house,13500,54000,33750,90,Yes (20% VAT included),2 independent quotes required,Yes,Drying period 6–12 months; alternative accommodation
Flood damage — full property strip out and reinstatement,Flood,Structural,3-bed semi-detached house,15000,60000,37500,90,Yes (20% VAT included),2 independent quotes required,Yes,Drying period 6–12 months; alternative accommodation
Flood damage — full property strip out and reinstatement,Flood,Structural,3-bed detached house,17250,69000,43125,90,Yes (20% VAT included),2 independent quotes required,Yes,Drying period 6–12 months; alternative accommodation
Flood damage — full property strip out and reinstatement,Flood,Structural,4-bed detached house,20250,81000,50625,90,Yes (20% VAT included),2 independent quotes required,Yes,Drying period 6–12 months; alternative accommodation
Flood damage — full property strip out and reinstatement,Flood,Structural,5-bed+ large detached,24000,96000,60000,90,Yes (20% VAT included),2 independent quotes required,Yes,Drying period 6–12 months; alternative accommodation
Flood damage — floor replacement (solid/screed floor),Flood,Flooring,1-bed flat/apartment,1400,7000,4200,7,Yes (20% VAT included),2 independent quotes required,Yes,
Flood damage — floor replacement (solid/screed floor),Flood,Flooring,2-bed terraced house,1800,9000,5400,7,Yes (20% VAT included),2 independent quotes required,Yes,
Flood damage — floor replacement (solid/screed floor),Flood,Flooring,3-bed semi-detached house,2000,10000,6000,7,Yes (20% VAT included),2 independent quotes required,Yes,
Flood damage — floor replacement (solid/screed floor),Flood,Flooring,3-bed detached house,2300,11500,6900,7,Yes (20% VAT included),2 independent quotes required,Yes,
Flood damage — floor replacement (solid/screed floor),Flood,Flooring,4-bed detached house,2700,13500,8100,7,Yes (20% VAT included),2 independent quotes required,Yes,
Flood damage — floor replacement (solid/screed floor),Flood,Flooring,5-bed+ large detached,3200,16000,9600,7,Yes (20% VAT included),2 independent quotes required,Yes,
Theft — door and lock replacement,Theft,Security,1-bed flat/apartment,200,825,512,1,Yes (20% VAT included),1 quote sufficient,No,
Theft — door and lock replacement,Theft,Security,2-bed terraced house,250,1075,662,1,Yes (20% VAT included),1 quote sufficient,No,
Theft — door and lock replacement,Theft,Security,3-bed semi-detached house,300,1200,750,1,Yes (20% VAT included),1 quote sufficient,No,
Theft — door and lock replacement,Theft,Security,3-bed detached house,325,1375,850,1,Yes (20% VAT included),1 quote sufficient,No,
Theft — door and lock replacement,Theft,Security,4-bed detached house,400,1600,1000,1,Yes (20% VAT included),1 quote sufficient,No,
Theft — door and lock replacement,Theft,Security,5-bed+ large detached,475,1900,1187,1,Yes (20% VAT included),1 quote sufficient,No,
Theft — glazing replacement (broken entry point),Theft,Windows,1-bed flat/apartment,125,550,337,0.5,Yes (20% VAT included),1 quote sufficient,No,
Theft — glazing replacement (broken entry point),Theft,Windows,2-bed terraced house,175,700,437,0.5,Yes (20% VAT included),1 quote sufficient,No,
Theft — glazing replacement (broken entry point),Theft,Windows,3-bed semi-detached house,200,800,500,0.5,Yes (20% VAT included),1 quote sufficient,No,
Theft — glazing replacement (broken entry point),Theft,Windows,3-bed detached house,225,900,562,0.5,Yes (20% VAT included),1 quote sufficient,No,
Theft — glazing replacement (broken entry point),Theft,Windows,4-bed detached house,250,1075,662,0.5,Yes (20% VAT included),1 quote sufficient,No,
Theft — glazing replacement (broken entry point),Theft,Windows,5-bed+ large detached,300,1275,787,0.5,Yes (20% VAT included),1 quote sufficient,No,
Vandalism — external paint/graffiti removal,Vandalism,Exterior,1-bed flat/apartment,200,1050,625,2,Yes (20% VAT included),1 quote sufficient,No,
Vandalism — external paint/graffiti removal,Vandalism,Exterior,2-bed terraced house,250,1350,800,2,Yes (20% VAT included),1 quote sufficient,No,
Vandalism — external paint/graffiti removal,Vandalism,Exterior,3-bed semi-detached house,300,1500,900,2,Yes (20% VAT included),1 quote sufficient,No,
Vandalism — external paint/graffiti removal,Vandalism,Exterior,3-bed detached house,325,1700,1012,2,Yes (20% VAT included),1 quote sufficient,No,
Vandalism — external paint/graffiti removal,Vandalism,Exterior,4-bed detached house,400,2025,1212,2,Yes (20% VAT included),1 quote sufficient,No,
Vandalism — external paint/graffiti removal,Vandalism,Exterior,5-bed+ large detached,475,2400,1437,2,Yes (20% VAT included),1 quote sufficient,No,
Vandalism — window replacement,Vandalism,Windows,1-bed flat/apartment,275,825,550,1,Yes (20% VAT included),1 quote sufficient,No,
Vandalism — window replacement,Vandalism,Windows,2-bed terraced house,350,1075,712,1,Yes (20% VAT included),1 quote sufficient,No,
Vandalism — window replacement,Vandalism,Windows,3-bed semi-detached house,400,1200,800,1,Yes (20% VAT included),1 quote sufficient,No,
Vandalism — window replacement,Vandalism,Windows,3-bed detached house,450,1375,912,1,Yes (20% VAT included),1 quote sufficient,No,
Vandalism — window replacement,Vandalism,Windows,4-bed detached house,525,1600,1062,1,Yes (20% VAT included),1 quote sufficient,No,
Vandalism — window replacement,Vandalism,Windows,5-bed+ large detached,625,1900,1262,1,Yes (20% VAT included),1 quote sufficient,No,
Accidental damage — internal door replacement,Accidental,Doors,1-bed flat/apartment,200,550,375,0.5,Yes (20% VAT included),1 quote sufficient,No,
Accidental damage — internal door replacement,Accidental,Doors,2-bed terraced house,250,700,475,0.5,Yes (20% VAT included),1 quote sufficient,No,
Accidental damage — internal door replacement,Accidental,Doors,3-bed semi-detached house,300,800,550,0.5,Yes (20% VAT included),1 quote sufficient,No,
Accidental damage — internal door replacement,Accidental,Doors,3-bed detached house,325,900,612,0.5,Yes (20% VAT included),1 quote sufficient,No,
Accidental damage — internal door replacement,Accidental,Doors,4-bed detached house,400,1075,737,0.5,Yes (20% VAT included),1 quote sufficient,No,
Accidental damage — internal door replacement,Accidental,Doors,5-bed+ large detached,475,1275,875,0.5,Yes (20% VAT included),1 quote sufficient,No,
Accidental damage — worktop replacement (per 2m),Accidental,Kitchen,1-bed flat/apartment,275,1250,762,1,Yes (20% VAT included),1 quote sufficient,No,
Accidental damage — worktop replacement (per 2m),Accidental,Kitchen,2-bed terraced house,350,1600,975,1,Yes (20% VAT included),1 quote sufficient,No,
Accidental damage — worktop replacement (per 2m),Accidental,Kitchen,3-bed semi-detached house,400,1800,1100,1,Yes (20% VAT included),1 quote sufficient,No,
Accidental damage — worktop replacement (per 2m),Accidental,Kitchen,3-bed detached house,450,2050,1250,1,Yes (20% VAT included),1 quote sufficient,No,
Accidental damage — worktop replacement (per 2m),Accidental,Kitchen,4-bed detached house,525,2425,1475,1,Yes (20% VAT included),1 quote sufficient,No,
Accidental damage — worktop replacement (per 2m),Accidental,Kitchen,5-bed+ large detached,625,2875,1750,1,Yes (20% VAT included),1 quote sufficient,No,
Accidental damage — wall tile replacement (per sqm),Accidental,Interior,1-bed flat/apartment,100,400,250,0.5,Yes (20% VAT included),1 quote sufficient,No,
Accidental damage — wall tile replacement (per sqm),Accidental,Interior,2-bed terraced house,125,525,325,0.5,Yes (20% VAT included),1 quote sufficient,No,
Accidental damage — wall tile replacement (per sqm),Accidental,Interior,3-bed semi-detached house,150,600,375,0.5,Yes (20% VAT included),1 quote sufficient,No,
Accidental damage — wall tile replacement (per sqm),Accidental,Interior,3-bed detached house,150,675,412,0.5,Yes (20% VAT included),1 quote sufficient,No,
Accidental damage — wall tile replacement (per sqm),Accidental,Interior,4-bed detached house,200,800,500,0.5,Yes (20% VAT included),1 quote sufficient,No,
Accidental damage — wall tile replacement (per sqm),Accidental,Interior,5-bed+ large detached,225,950,587,0.5,Yes (20% VAT included),1 quote sufficient,No,
Accidental damage — carpet (per room),Accidental,Flooring,1-bed flat/apartment,125,825,475,1,Yes (20% VAT included),1 quote sufficient,No,
Accidental damage — carpet (per room),Accidental,Flooring,2-bed terraced house,175,1075,625,1,Yes (20% VAT included),1 quote sufficient,No,
Accidental damage — carpet (per room),Accidental,Flooring,3-bed semi-detached house,200,1200,700,1,Yes (20% VAT included),1 quote sufficient,No,
Accidental damage — carpet (per room),Accidental,Flooring,3-bed detached house,225,1375,800,1,Yes (20% VAT included),1 quote sufficient,No,
Accidental damage — carpet (per room),Accidental,Flooring,4-bed detached house,250,1600,925,1,Yes (20% VAT included),1 quote sufficient,No,
Accidental damage — carpet (per room),Accidental,Flooring,5-bed+ large detached,300,1900,1100,1,Yes (20% VAT included),1 quote sufficient,No,
Accidental damage — TV / monitor (standard),Accidental,Contents,1-bed flat/apartment,200,1400,800,0,Yes (20% VAT included),1 quote sufficient,No,Contents claim; replacement cost
Accidental damage — TV / monitor (standard),Accidental,Contents,2-bed terraced house,250,1800,1025,0,Yes (20% VAT included),1 quote sufficient,No,Contents claim; replacement cost
Accidental damage — TV / monitor (standard),Accidental,Contents,3-bed semi-detached house,300,2000,1150,0,Yes (20% VAT included),1 quote sufficient,No,Contents claim; replacement cost
Accidental damage — TV / monitor (standard),Accidental,Contents,3-bed detached house,325,2300,1312,0,Yes (20% VAT included),1 quote sufficient,No,Contents claim; replacement cost
Accidental damage — TV / monitor (standard),Accidental,Contents,4-bed detached house,400,2700,1550,0,Yes (20% VAT included),1 quote sufficient,No,Contents claim; replacement cost
Accidental damage — TV / monitor (standard),Accidental,Contents,5-bed+ large detached,475,3200,1837,0,Yes (20% VAT included),1 quote sufficient,No,Contents claim; replacement cost
